id;aktywnosc;obecny_status;fala;rodzina;tryb_naprawy;pakiet_do_przygotowania;blokada_z_audytu;najblizsza_akcja
A014;Wieża z butów;SZKIELET;FALA S2 - decyzja: przepisać albo odrzucić;ryzykowne aktywności bez materiałów;przepisać szkielet;decyzja redakcyjna + bezpieczny zamiennik materiałów + zasady zgody i higieny;"Da się zrobić bez materiałów, ale ryzyko higieny i oporu uczniów jest zbyt duże; wymaga alternatywnych przedmiotów i zasad zgody.";"Ustalić konkretny temat/case, napisać problem startowy i dopiero potem przygotować materiały; jeśli nie da się tego zrobić w 45 minut, odrzucić albo połączyć z inną aktywnością."
A016;Kieszonkowy budżet miesiąca;PAKIET;FALA 1 - najpierw opracować do pełnych kart;finanse i decyzje codzienne;opracować pakiet;profil osoby/klienta + cennik/oferty + karta obliczeń + klucz;Brakuje gotowego profilu osoby, listy kosztów, budżetu startowego i przykładowych cięć.;Przygotować brakujący pakiet materiałów wskazany w audycie, dopisać instrukcję dla uczniów, punktację, kryterium sukcesu i przykład/klucz odpowiedzi.
A017;Najlepszy abonament;PAKIET;FALA 1 - najpierw opracować do pełnych kart;finanse i decyzje codzienne;opracować pakiet;profil osoby/klienta + cennik/oferty + karta obliczeń + klucz;Brakuje 4 fikcyjnych ofert, profilu klienta i macierzy punktów.;Przygotować brakujący pakiet materiałów wskazany w audycie, dopisać instrukcję dla uczniów, punktację, kryterium sukcesu i przykład/klucz odpowiedzi.
A018;Wypłata netto sprint;PAKIET;FALA 2 - opracować po pierwszej paczce;finanse i decyzje codzienne;opracować pakiet;profil osoby/klienta + cennik/oferty + karta obliczeń + klucz;Brakuje uproszczonego paska wypłaty oraz klucza odpowiedzi.;Przygotować brakujący pakiet materiałów wskazany w audycie, dopisać instrukcję dla uczniów, punktację, kryterium sukcesu i przykład/klucz odpowiedzi.
A019;Awaria budżetu;PAKIET;FALA 1 - najpierw opracować do pełnych kart;finanse i decyzje codzienne;opracować pakiet;profil osoby/klienta + cennik/oferty + karta obliczeń + klucz;Brakuje kart wydatków, profilu osoby i kart awarii.;Przygotować brakujący pakiet materiałów wskazany w audycie, dopisać instrukcję dla uczniów, punktację, kryterium sukcesu i przykład/klucz odpowiedzi.
A020;Mini firma za 200 zł;PAKIET;FALA 2 - opracować po pierwszej paczce;finanse i decyzje codzienne;opracować pakiet;profil osoby/klienta + cennik/oferty + karta obliczeń + klucz;Brakuje karty kosztów, cennika materiałów i kryteriów oceny zysku.;Przygotować brakujący pakiet materiałów wskazany w audycie, dopisać instrukcję dla uczniów, punktację, kryterium sukcesu i przykład/klucz odpowiedzi.
A021;Kawiarenka z marżą;PAKIET;FALA 2 - opracować po pierwszej paczce;finanse i decyzje codzienne;opracować pakiet;profil osoby/klienta + cennik/oferty + karta obliczeń + klucz;Brakuje kosztów składników, przykładowego popytu i modelu liczenia marży.;Przygotować brakujący pakiet materiałów wskazany w audycie, dopisać instrukcję dla uczniów, punktację, kryterium sukcesu i przykład/klucz odpowiedzi.
A022;Licytacja zasobów;PAKIET;FALA 2 - opracować po pierwszej paczce;negocjacje, role i gry decyzyjne;opracować pakiet;karty ról/interesów + zasady wymiany + punktacja + wzór wyniku;Brakuje kart zasobów, celów i tabeli punktacji.;Przygotować brakujący pakiet materiałów wskazany w audycie, dopisać instrukcję dla uczniów, punktację, kryterium sukcesu i przykład/klucz odpowiedzi.
A023;Rynek wymiany;PAKIET;FALA 2 - opracować po pierwszej paczce;negocjacje, role i gry decyzyjne;opracować pakiet;karty ról/interesów + zasady wymiany + punktacja + wzór wyniku;Brakuje kompletu zasobów, celów, zasad handlu i warunku zwycięstwa.;Przygotować brakujący pakiet materiałów wskazany w audycie, dopisać instrukcję dla uczniów, punktację, kryterium sukcesu i przykład/klucz odpowiedzi.
A024;Oszczędnościowy zestaw ratunkowy;PAKIET;FALA 2 - opracować po pierwszej paczce;finanse i decyzje codzienne;opracować pakiet;profil osoby/klienta + cennik/oferty + karta obliczeń + klucz;Brakuje listy wydatków, profilu pracownika i gotowej karty decyzji.;Przygotować brakujący pakiet materiałów wskazany w audycie, dopisać instrukcję dla uczniów, punktację, kryterium sukcesu i przykład/klucz odpowiedzi.
A025;Detektor oszustwa;PAKIET;FALA 1 - najpierw opracować do pełnych kart;informacja, argumentacja i komunikaty;opracować pakiet;neutralne materiały wejściowe + kryteria oceny + przykład dobrej odpowiedzi;Brakuje 6 fikcyjnych wiadomości/screenów oraz klucza sygnałów ostrzegawczych.;Przygotować brakujący pakiet materiałów wskazany w audycie, dopisać instrukcję dla uczniów, punktację, kryterium sukcesu i przykład/klucz odpowiedzi.
A026;Subskrypcje zjadają wypłatę;PAKIET;FALA 2 - opracować po pierwszej paczce;finanse i decyzje codzienne;opracować pakiet;profil osoby/klienta + cennik/oferty + karta obliczeń + klucz;Brakuje listy opłat i modelowego budżetu.;Przygotować brakujący pakiet materiałów wskazany w audycie, dopisać instrukcję dla uczniów, punktację, kryterium sukcesu i przykład/klucz odpowiedzi.
A027;Zakup telefonu używanego;PAKIET;FALA 2 - opracować po pierwszej paczce;finanse i decyzje codzienne;opracować pakiet;profil osoby/klienta + cennik/oferty + karta obliczeń + klucz;Brakuje fikcyjnych ogłoszeń oraz kryteriów oceny ryzyka.;Przygotować brakujący pakiet materiałów wskazany w audycie, dopisać instrukcję dla uczniów, punktację, kryterium sukcesu i przykład/klucz odpowiedzi.
A028;Trasa dostawy;PAKIET;FALA 1 - najpierw opracować do pełnych kart;planowanie, procesy i logistyka;opracować pakiet;mapa/proces/scenariusz + ograniczenia + kryteria priorytetu + rozwiązanie przykładowe;Brakuje mapy, kart dostaw, kosztów trasy i przykładowego rozwiązania.;Przygotować brakujący pakiet materiałów wskazany w audycie, dopisać instrukcję dla uczniów, punktację, kryterium sukcesu i przykład/klucz odpowiedzi.
A029;Ewakuacja po zmianie planu;PAKIET;FALA 2 - opracować po pierwszej paczce;planowanie, procesy i logistyka;opracować pakiet;mapa/proces/scenariusz + ograniczenia + kryteria priorytetu + rozwiązanie przykładowe;Brakuje schematu obiektu, ograniczeń i zasad oceny planu.;Przygotować brakujący pakiet materiałów wskazany w audycie, dopisać instrukcję dla uczniów, punktację, kryterium sukcesu i przykład/klucz odpowiedzi.
A030;Awaria w warsztacie;PAKIET;FALA 1 - najpierw opracować do pełnych kart;planowanie, procesy i logistyka;opracować pakiet;mapa/proces/scenariusz + ograniczenia + kryteria priorytetu + rozwiązanie przykładowe;Brakuje opisu zakładu, listy awarii, zasobów i kryteriów priorytetu.;Przygotować brakujący pakiet materiałów wskazany w audycie, dopisać instrukcję dla uczniów, punktację, kryterium sukcesu i przykład/klucz odpowiedzi.
A031;Misja księżycowa 15 rzeczy;PAKIET;FALA 1 - najpierw opracować do pełnych kart;alokacja zasobów i priorytety;opracować pakiet;lista zasobów/kandydatów + zdarzenie kryzysowe + model punktacji;"Brakuje listy 15 rzeczy i modelu porównawczego; bez tego nie ma wyniku.";Przygotować brakujący pakiet materiałów wskazany w audycie, dopisać instrukcję dla uczniów, punktację, kryterium sukcesu i przykład/klucz odpowiedzi.
A032;Baza odcięta od świata;PAKIET;FALA 2 - opracować po pierwszej paczce;alokacja zasobów i priorytety;opracować pakiet;lista zasobów/kandydatów + zdarzenie kryzysowe + model punktacji;Brakuje 12 kart kandydatów i karty awarii sprawdzającej wybór.;Przygotować brakujący pakiet materiałów wskazany w audycie, dopisać instrukcję dla uczniów, punktację, kryterium sukcesu i przykład/klucz odpowiedzi.
A033;Pustynny konwój;PAKIET;FALA 2 - opracować po pierwszej paczce;planowanie, procesy i logistyka;opracować pakiet;mapa/proces/scenariusz + ograniczenia + kryteria priorytetu + rozwiązanie przykładowe;Brakuje mapy, zapasów, kosztów ryzyka i kryterium wygranej.;Przygotować brakujący pakiet materiałów wskazany w audycie, dopisać instrukcję dla uczniów, punktację, kryterium sukcesu i przykład/klucz odpowiedzi.
A034;Wyspa po sztormie;PAKIET;FALA 2 - opracować po pierwszej paczce;alokacja zasobów i priorytety;opracować pakiet;lista zasobów/kandydatów + zdarzenie kryzysowe + model punktacji;Brakuje listy 20 przedmiotów i scenariusza utraty zasobu.;Przygotować brakujący pakiet materiałów wskazany w audycie, dopisać instrukcję dla uczniów, punktację, kryterium sukcesu i przykład/klucz odpowiedzi.
A035;Szpital polowy;PAKIET;FALA 3 - uzupełnić lub połączyć z innymi;alokacja zasobów i priorytety;opracować pakiet;lista zasobów/kandydatów + zdarzenie kryzysowe + model punktacji;Brakuje przypadków, zasobów i bezpiecznego niemedycznego języka.;Przygotować brakujący pakiet materiałów wskazany w audycie, dopisać instrukcję dla uczniów, punktację, kryterium sukcesu i przykład/klucz odpowiedzi.
A036;Zaginiony prototyp;PAKIET;FALA 1 - najpierw opracować do pełnych kart;dedukcja, śledztwa i escape room;opracować pakiet;karty poszlak/zagadek + klucz odpowiedzi + wariant podpowiedzi;Brakuje zestawu poszlak, rozwiązania i sekwencji zdarzeń.;Przygotować brakujący pakiet materiałów wskazany w audycie, dopisać instrukcję dla uczniów, punktację, kryterium sukcesu i przykład/klucz odpowiedzi.
A037;Timeline śledztwa;PAKIET;FALA 1 - najpierw opracować do pełnych kart;dedukcja, śledztwa i escape room;opracować pakiet;karty poszlak/zagadek + klucz odpowiedzi + wariant podpowiedzi;Brakuje kart wskazówek i poprawnej chronologii.;Przygotować brakujący pakiet materiałów wskazany w audycie, dopisać instrukcję dla uczniów, punktację, kryterium sukcesu i przykład/klucz odpowiedzi.
A038;Kod do sejfu;PAKIET;FALA 1 - najpierw opracować do pełnych kart;dedukcja, śledztwa i escape room;opracować pakiet;karty poszlak/zagadek + klucz odpowiedzi + wariant podpowiedzi;Brakuje 4 zagadek, kodu i klucza dowodów.;Przygotować brakujący pakiet materiałów wskazany w audycie, dopisać instrukcję dla uczniów, punktację, kryterium sukcesu i przykład/klucz odpowiedzi.
A039;No-lock escape route;PAKIET;FALA 2 - opracować po pierwszej paczce;dedukcja, śledztwa i escape room;opracować pakiet;karty poszlak/zagadek + klucz odpowiedzi + wariant podpowiedzi;Brakuje kompletnego wydruku misji, symboli i hasła.;Przygotować brakujący pakiet materiałów wskazany w audycie, dopisać instrukcję dla uczniów, punktację, kryterium sukcesu i przykład/klucz odpowiedzi.
A040;Szyfr kuriera;PAKIET;FALA 2 - opracować po pierwszej paczce;dedukcja, śledztwa i escape room;opracować pakiet;karty poszlak/zagadek + klucz odpowiedzi + wariant podpowiedzi;Brakuje szyfrów, wiadomości i klucza.;Przygotować brakujący pakiet materiałów wskazany w audycie, dopisać instrukcję dla uczniów, punktację, kryterium sukcesu i przykład/klucz odpowiedzi.
A041;Mapa z brakami;PAKIET;FALA 1 - najpierw opracować do pełnych kart;planowanie, procesy i logistyka;opracować pakiet;mapa/proces/scenariusz + ograniczenia + kryteria priorytetu + rozwiązanie przykładowe;Brakuje mapy, ograniczeń i rozwiązania wzorcowego.;Przygotować brakujący pakiet materiałów wskazany w audycie, dopisać instrukcję dla uczniów, punktację, kryterium sukcesu i przykład/klucz odpowiedzi.
A042;Kto ma alibi;PAKIET;FALA 1 - najpierw opracować do pełnych kart;dedukcja, śledztwa i escape room;opracować pakiet;karty poszlak/zagadek + klucz odpowiedzi + wariant podpowiedzi;Brakuje kart alibi, biletów, osi czasu i rozwiązania.;Przygotować brakujący pakiet materiałów wskazany w audycie, dopisać instrukcję dla uczniów, punktację, kryterium sukcesu i przykład/klucz odpowiedzi.
A043;Logiczna siatka z presją czasu;PAKIET;FALA 2 - opracować po pierwszej paczce;dedukcja, śledztwa i escape room;opracować pakiet;karty poszlak/zagadek + klucz odpowiedzi + wariant podpowiedzi;Brakuje gotowego gridu logicznego i rozwiązania.;Przygotować brakujący pakiet materiałów wskazany w audycie, dopisać instrukcję dla uczniów, punktację, kryterium sukcesu i przykład/klucz odpowiedzi.
A044;Zagadka bocznego myślenia jako śledztwo;PAKIET;FALA 3 - uzupełnić lub połączyć z innymi;dedukcja, śledztwa i escape room;opracować pakiet;karty poszlak/zagadek + klucz odpowiedzi + wariant podpowiedzi;Brakuje listy konkretnych zagadek bez ryzykownych treści.;Przygotować brakujący pakiet materiałów wskazany w audycie, dopisać instrukcję dla uczniów, punktację, kryterium sukcesu i przykład/klucz odpowiedzi.
A045;Cztery dowody jeden fałszywy;PAKIET;FALA 2 - opracować po pierwszej paczce;dedukcja, śledztwa i escape room;opracować pakiet;karty poszlak/zagadek + klucz odpowiedzi + wariant podpowiedzi;Brakuje pakietu dowodów i fałszywego elementu.;Przygotować brakujący pakiet materiałów wskazany w audycie, dopisać instrukcję dla uczniów, punktację, kryterium sukcesu i przykład/klucz odpowiedzi.
A046;Fake news triage;PAKIET;FALA 1 - najpierw opracować do pełnych kart;informacja, argumentacja i komunikaty;opracować pakiet;neutralne materiały wejściowe + kryteria oceny + przykład dobrej odpowiedzi;Brakuje 5 neutralnych postów i kryteriów wiarygodności.;Przygotować brakujący pakiet materiałów wskazany w audycie, dopisać instrukcję dla uczniów, punktację, kryterium sukcesu i przykład/klucz odpowiedzi.
A047;Aukcja wiarygodności źródeł;PAKIET;FALA 2 - opracować po pierwszej paczce;informacja, argumentacja i komunikaty;opracować pakiet;neutralne materiały wejściowe + kryteria oceny + przykład dobrej odpowiedzi;Brakuje kart źródeł, cennika i zadania badawczego.;Przygotować brakujący pakiet materiałów wskazany w audycie, dopisać instrukcję dla uczniów, punktację, kryterium sukcesu i przykład/klucz odpowiedzi.
A048;Nagłówek kontra treść;PAKIET;FALA 2 - opracować po pierwszej paczce;informacja, argumentacja i komunikaty;opracować pakiet;neutralne materiały wejściowe + kryteria oceny + przykład dobrej odpowiedzi;Brakuje nagłówków, leadów, treści i klucza dopasowania.;Przygotować brakujący pakiet materiałów wskazany w audycie, dopisać instrukcję dla uczniów, punktację, kryterium sukcesu i przykład/klucz odpowiedzi.
A049;Zdjęcie bez kontekstu;PAKIET;FALA 2 - opracować po pierwszej paczce;informacja, argumentacja i komunikaty;opracować pakiet;neutralne materiały wejściowe + kryteria oceny + przykład dobrej odpowiedzi;Brakuje zdjęcia, 4 opisów i szerszego kadru.;Przygotować brakujący pakiet materiałów wskazany w audycie, dopisać instrukcję dla uczniów, punktację, kryterium sukcesu i przykład/klucz odpowiedzi.
A050;Sąd nad argumentem;PAKIET;FALA 1 - najpierw opracować do pełnych kart;informacja, argumentacja i komunikaty;opracować pakiet;neutralne materiały wejściowe + kryteria oceny + przykład dobrej odpowiedzi;Brakuje tezy, kart dowodów i kontrdowodu.;Przygotować brakujący pakiet materiałów wskazany w audycie, dopisać instrukcję dla uczniów, punktację, kryterium sukcesu i przykład/klucz odpowiedzi.
A051;Drzewo decyzji: zamknąć czy naprawić;PAKIET;FALA 2 - opracować po pierwszej paczce;planowanie, procesy i logistyka;opracować pakiet;mapa/proces/scenariusz + ograniczenia + kryteria priorytetu + rozwiązanie przykładowe;Brakuje konkretnego scenariusza awarii, kosztów i kryteriów decyzji.;Przygotować brakujący pakiet materiałów wskazany w audycie, dopisać instrukcję dla uczniów, punktację, kryterium sukcesu i przykład/klucz odpowiedzi.
A052;SWOT kontra czas;SZKIELET;FALA S1 - przepisać szkielet na konkretny case;projektowanie i twórcze rozwiązywanie problemów;przepisać szkielet;najpierw karta konkretnego case’u + dopiero potem materiały uczniowskie;Nie wiadomo, jaki pomysł, jaka usługa, co znaczy SWOT dla ucznia i jaki problem ma przetrwać.;"Ustalić konkretny temat/case, napisać problem startowy i dopiero potem przygotować materiały; jeśli nie da się tego zrobić w 45 minut, odrzucić albo połączyć z inną aktywnością."
A053;Red team zabezpieczeń;SZKIELET;FALA S1 - przepisać szkielet na konkretny case;planowanie, procesy i logistyka;przepisać szkielet;najpierw karta konkretnego case’u + dopiero potem materiały uczniowskie;"Brakuje wydarzenia, listy ryzyk i konkretnego ataku red team; bez tego uczniowie projektują w próżni.";"Ustalić konkretny temat/case, napisać problem startowy i dopiero potem przygotować materiały; jeśli nie da się tego zrobić w 45 minut, odrzucić albo połączyć z inną aktywnością."
A054;Projekt ławki przyszłości;PAKIET;FALA 3 - uzupełnić lub połączyć z innymi;projektowanie i twórcze rozwiązywanie problemów;opracować pakiet;konkretny brief użytkownika + ograniczenia + test rozwiązania + rubryka oceny;Brakuje profilu ucznia/użytkownika, ograniczeń kosztowych i kryterium testu.;Przygotować brakujący pakiet materiałów wskazany w audycie, dopisać instrukcję dla uczniów, punktację, kryterium sukcesu i przykład/klucz odpowiedzi.
A055;Crazy 8s produkt do plecaka;PAKIET;FALA 3 - uzupełnić lub połączyć z innymi;projektowanie i twórcze rozwiązywanie problemów;opracować pakiet;konkretny brief użytkownika + ograniczenia + test rozwiązania + rubryka oceny;Ma prosty start, ale brakuje profilu klienta i kryteriów wyboru po Crazy 8s.;Przygotować brakujący pakiet materiałów wskazany w audycie, dopisać instrukcję dla uczniów, punktację, kryterium sukcesu i przykład/klucz odpowiedzi.
A056;Prototyp z odpadów;SZKIELET;FALA S1 - przepisać szkielet na konkretny case;projektowanie i twórcze rozwiązywanie problemów;przepisać szkielet;najpierw karta konkretnego case’u + dopiero potem materiały uczniowskie;"Brakuje zadanego problemu i testu funkcji; samo „rozwiązuje problem” jest puste.";"Ustalić konkretny temat/case, napisać problem startowy i dopiero potem przygotować materiały; jeśli nie da się tego zrobić w 45 minut, odrzucić albo połączyć z inną aktywnością."
A057;Reklama produktu bezużytecznego;PAKIET;FALA 2 - opracować po pierwszej paczce;finanse i decyzje codzienne;opracować pakiet;profil osoby/klienta + cennik/oferty + karta obliczeń + klucz;Brakuje kart produktów i profili klientów.;Przygotować brakujący pakiet materiałów wskazany w audycie, dopisać instrukcję dla uczniów, punktację, kryterium sukcesu i przykład/klucz odpowiedzi.
A058;Klient zmienia zdanie;PAKIET;FALA 2 - opracować po pierwszej paczce;projektowanie i twórcze rozwiązywanie problemów;opracować pakiet;konkretny brief użytkownika + ograniczenia + test rozwiązania + rubryka oceny;Brakuje kart briefu, wymagań klienta i przykładowych zmian.;Przygotować brakujący pakiet materiałów wskazany w audycie, dopisać instrukcję dla uczniów, punktację, kryterium sukcesu i przykład/klucz odpowiedzi.
A059;Mapa drogi klienta;PAKIET;FALA 3 - uzupełnić lub połączyć z innymi;projektowanie i twórcze rozwiązywanie problemów;opracować pakiet;konkretny brief użytkownika + ograniczenia + test rozwiązania + rubryka oceny;Brakuje 8 kroków usługi i konkretnego przypadku klienta.;Przygotować brakujący pakiet materiałów wskazany w audycie, dopisać instrukcję dla uczniów, punktację, kryterium sukcesu i przykład/klucz odpowiedzi.
A060;Najgorszy pomysł, potem naprawa;SZKIELET;FALA S1 - przepisać szkielet na konkretny case;projektowanie i twórcze rozwiązywanie problemów;przepisać szkielet;najpierw karta konkretnego case’u + dopiero potem materiały uczniowskie;"Brakuje problemu bazowego; bez niego to metoda kreatywna, nie aktywność.";"Ustalić konkretny temat/case, napisać problem startowy i dopiero potem przygotować materiały; jeśli nie da się tego zrobić w 45 minut, odrzucić albo połączyć z inną aktywnością."
A061;Kontrakt dostawcy;PAKIET;FALA 1 - najpierw opracować do pełnych kart;negocjacje, role i gry decyzyjne;opracować pakiet;karty ról/interesów + zasady wymiany + punktacja + wzór wyniku;Brakuje kart ról, interesów, punktacji i wzoru umowy.;Przygotować brakujący pakiet materiałów wskazany w audycie, dopisać instrukcję dla uczniów, punktację, kryterium sukcesu i przykład/klucz odpowiedzi.
A062;Podział warsztatu;PAKIET;FALA 1 - najpierw opracować do pełnych kart;planowanie, procesy i logistyka;opracować pakiet;mapa/proces/scenariusz + ograniczenia + kryteria priorytetu + rozwiązanie przykładowe;Brakuje kart potrzeb ekip, kalendarza i ograniczeń sprzętu.;Przygotować brakujący pakiet materiałów wskazany w audycie, dopisać instrukcję dla uczniów, punktację, kryterium sukcesu i przykład/klucz odpowiedzi.
A063;Budżet wycieczki kontra rzeczywistość;PAKIET;FALA 2 - opracować po pierwszej paczce;finanse i decyzje codzienne;opracować pakiet;profil osoby/klienta + cennik/oferty + karta obliczeń + klucz;Brakuje karty kosztów, celu wyjazdu i ograniczeń budżetu.;Przygotować brakujący pakiet materiałów wskazany w audycie, dopisać instrukcję dla uczniów, punktację, kryterium sukcesu i przykład/klucz odpowiedzi.
A064;Umowa wspólnego lokalu;PAKIET;FALA 2 - opracować po pierwszej paczce;negocjacje, role i gry decyzyjne;opracować pakiet;karty ról/interesów + zasady wymiany + punktacja + wzór wyniku;Brakuje kart ról, kosztów, zasad lokalu i punktacji.;Przygotować brakujący pakiet materiałów wskazany w audycie, dopisać instrukcję dla uczniów, punktację, kryterium sukcesu i przykład/klucz odpowiedzi.
A065;Dealerzy informacji;PAKIET;FALA 2 - opracować po pierwszej paczce;negocjacje, role i gry decyzyjne;opracować pakiet;karty ról/interesów + zasady wymiany + punktacja + wzór wyniku;Brakuje kart informacji i mechaniki handlu/wyboru inwestycji.;Przygotować brakujący pakiet materiałów wskazany w audycie, dopisać instrukcję dla uczniów, punktację, kryterium sukcesu i przykład/klucz odpowiedzi.
A066;Dylemat wspólnej punktacji;PAKIET;FALA 2 - opracować po pierwszej paczce;negocjacje, role i gry decyzyjne;opracować pakiet;karty ról/interesów + zasady wymiany + punktacja + wzór wyniku;"Brakuje tabeli wypłat i rund; bez tego gra nie istnieje.";Przygotować brakujący pakiet materiałów wskazany w audycie, dopisać instrukcję dla uczniów, punktację, kryterium sukcesu i przykład/klucz odpowiedzi.
A067;Negocjacje ostatniego zasobu;PAKIET;FALA 2 - opracować po pierwszej paczce;negocjacje, role i gry decyzyjne;opracować pakiet;karty ról/interesów + zasady wymiany + punktacja + wzór wyniku;Brakuje kart misji, zasobu i zasad decyzji komisji.;Przygotować brakujący pakiet materiałów wskazany w audycie, dopisać instrukcję dla uczniów, punktację, kryterium sukcesu i przykład/klucz odpowiedzi.
A068;Konsensus bez głosowania;PAKIET;FALA 2 - opracować po pierwszej paczce;negocjacje, role i gry decyzyjne;opracować pakiet;karty ról/interesów + zasady wymiany + punktacja + wzór wyniku;Brakuje 5 opcji i konkretnego scenariusza wyboru.;Przygotować brakujący pakiet materiałów wskazany w audycie, dopisać instrukcję dla uczniów, punktację, kryterium sukcesu i przykład/klucz odpowiedzi.
A071;Radiooperator;PAKIET;FALA 1 - najpierw opracować do pełnych kart;planowanie, procesy i logistyka;opracować pakiet;mapa/proces/scenariusz + ograniczenia + kryteria priorytetu + rozwiązanie przykładowe;Brakuje kart mapy, listy celów i gotowej trasy kontrolnej.;Przygotować brakujący pakiet materiałów wskazany w audycie, dopisać instrukcję dla uczniów, punktację, kryterium sukcesu i przykład/klucz odpowiedzi.
A072;Split blueprint;PAKIET;FALA 3 - uzupełnić lub połączyć z innymi;role, information gap i współpraca strukturalna;opracować pakiet;podzielone informacje/role + wspólny cel + klucz poprawności;Brakuje podzielonej instrukcji budowy i modelu wzorcowego.;Przygotować brakujący pakiet materiałów wskazany w audycie, dopisać instrukcję dla uczniów, punktację, kryterium sukcesu i przykład/klucz odpowiedzi.
A073;Kontrola jakości;PAKIET;FALA 1 - najpierw opracować do pełnych kart;kontrola jakości i kryteria;opracować pakiet;karty produktów/próbek + lista wad + progi akceptacji + klucz decyzji;Brakuje kart produktów, listy wad i progów akceptacji.;Przygotować brakujący pakiet materiałów wskazany w audycie, dopisać instrukcję dla uczniów, punktację, kryterium sukcesu i przykład/klucz odpowiedzi.
A075;Operatorzy awarii;PAKIET;FALA 2 - opracować po pierwszej paczce;role, information gap i współpraca strukturalna;opracować pakiet;podzielone informacje/role + wspólny cel + klucz poprawności;Brakuje kart ról, zasobów i konkretnej awarii.;Przygotować brakujący pakiet materiałów wskazany w audycie, dopisać instrukcję dla uczniów, punktację, kryterium sukcesu i przykład/klucz odpowiedzi.
A076;Sprint kanban;PAKIET;FALA 3 - uzupełnić lub połączyć z innymi;planowanie, procesy i logistyka;opracować pakiet;mapa/proces/scenariusz + ograniczenia + kryteria priorytetu + rozwiązanie przykładowe;Brakuje 12 zadań, zależności i ograniczeń zespołu.;Przygotować brakujący pakiet materiałów wskazany w audycie, dopisać instrukcję dla uczniów, punktację, kryterium sukcesu i przykład/klucz odpowiedzi.
A077;Planowanie pokerem;PAKIET;FALA 3 - uzupełnić lub połączyć z innymi;planowanie, procesy i logistyka;opracować pakiet;mapa/proces/scenariusz + ograniczenia + kryteria priorytetu + rozwiązanie przykładowe;Brakuje listy zadań i skali szacowania.;Przygotować brakujący pakiet materiałów wskazany w audycie, dopisać instrukcję dla uczniów, punktację, kryterium sukcesu i przykład/klucz odpowiedzi.
A078;Misja: naprawić szkolny automat;PAKIET;FALA 2 - opracować po pierwszej paczce;projektowanie i twórcze rozwiązywanie problemów;opracować pakiet;konkretny brief użytkownika + ograniczenia + test rozwiązania + rubryka oceny;Brakuje kart skarg i danych o automacie.;Przygotować brakujący pakiet materiałów wskazany w audycie, dopisać instrukcję dla uczniów, punktację, kryterium sukcesu i przykład/klucz odpowiedzi.
A079;Naprawa procesu zamówień;PAKIET;FALA 3 - uzupełnić lub połączyć z innymi;planowanie, procesy i logistyka;opracować pakiet;mapa/proces/scenariusz + ograniczenia + kryteria priorytetu + rozwiązanie przykładowe;Brakuje kroków procesu i scenariusza zamówienia.;Przygotować brakujący pakiet materiałów wskazany w audycie, dopisać instrukcję dla uczniów, punktację, kryterium sukcesu i przykład/klucz odpowiedzi.
A081;Puzzle produkcyjne;PAKIET;FALA 3 - uzupełnić lub połączyć z innymi;planowanie, procesy i logistyka;opracować pakiet;mapa/proces/scenariusz + ograniczenia + kryteria priorytetu + rozwiązanie przykładowe;Brakuje kart kroków procesu i poprawnej kolejności.;Przygotować brakujący pakiet materiałów wskazany w audycie, dopisać instrukcję dla uczniów, punktację, kryterium sukcesu i przykład/klucz odpowiedzi.
A082;Cichy ranking;PAKIET;FALA 3 - uzupełnić lub połączyć z innymi;role, information gap i współpraca strukturalna;opracować pakiet;podzielone informacje/role + wspólny cel + klucz poprawności;Brakuje listy 10 rzeczy i scenariusza rankingowego.;Przygotować brakujący pakiet materiałów wskazany w audycie, dopisać instrukcję dla uczniów, punktację, kryterium sukcesu i przykład/klucz odpowiedzi.
A084;Jigsaw ekspertów;PAKIET;FALA 3 - uzupełnić lub połączyć z innymi;role, information gap i współpraca strukturalna;opracować pakiet;podzielone informacje/role + wspólny cel + klucz poprawności;Brakuje materiału eksperckiego i zadania końcowego.;Przygotować brakujący pakiet materiałów wskazany w audycie, dopisać instrukcję dla uczniów, punktację, kryterium sukcesu i przykład/klucz odpowiedzi.
A085;Numbered heads rescue;PAKIET;FALA 3 - uzupełnić lub połączyć z innymi;role, information gap i współpraca strukturalna;opracować pakiet;podzielone informacje/role + wspólny cel + klucz poprawności;Brakuje konkretnej misji i karty zadania.;Przygotować brakujący pakiet materiałów wskazany w audycie, dopisać instrukcję dla uczniów, punktację, kryterium sukcesu i przykład/klucz odpowiedzi.
A086;Graffiti rozwiązań;SZKIELET;FALA S2 - decyzja: przepisać albo odrzucić;projektowanie i twórcze rozwiązywanie problemów;przepisać szkielet;najpierw karta konkretnego case’u + dopiero potem materiały uczniowskie;"Brakuje stacji z problemami; sama technika graffiti nie jest lekcją.";"Ustalić konkretny temat/case, napisać problem startowy i dopiero potem przygotować materiały; jeśli nie da się tego zrobić w 45 minut, odrzucić albo połączyć z inną aktywnością."
A087;Speed dating problemów technicznych;SZKIELET;FALA S1 - przepisać szkielet na konkretny case;projektowanie i twórcze rozwiązywanie problemów;przepisać szkielet;najpierw karta konkretnego case’u + dopiero potem materiały uczniowskie;Brakuje mini-problemów technicznych i kryteriów wyboru rozwiązania.;"Ustalić konkretny temat/case, napisać problem startowy i dopiero potem przygotować materiały; jeśli nie da się tego zrobić w 45 minut, odrzucić albo połączyć z inną aktywnością."
A088;Debata ofert z karta wyniku;SZKIELET;FALA S1 - przepisać szkielet na konkretny case;projektowanie i twórcze rozwiązywanie problemów;przepisać szkielet;najpierw karta konkretnego case’u + dopiero potem materiały uczniowskie;Brakuje problemu, kryteriów i danych do oferty.;"Ustalić konkretny temat/case, napisać problem startowy i dopiero potem przygotować materiały; jeśli nie da się tego zrobić w 45 minut, odrzucić albo połączyć z inną aktywnością."
A089;Turniej mini-case'ów;PAKIET;FALA 3 - uzupełnić lub połączyć z innymi;turnieje mini-case’ów;opracować pakiet;5 krótkich case’ów + odpowiedzi punktowane + tabela wyników;Brakuje pięciu mini-case’ów i klucza punktacji.;Przygotować brakujący pakiet materiałów wskazany w audycie, dopisać instrukcję dla uczniów, punktację, kryterium sukcesu i przykład/klucz odpowiedzi.
A091;Przetarg na projekt;SZKIELET;FALA S1 - przepisać szkielet na konkretny case;finanse i decyzje codzienne;przepisać szkielet;najpierw karta konkretnego case’u + dopiero potem materiały uczniowskie;"Brakuje briefu, kryteriów klienta i kosztorysu; nauczyciel musi wymyślić cały case.";"Ustalić konkretny temat/case, napisać problem startowy i dopiero potem przygotować materiały; jeśli nie da się tego zrobić w 45 minut, odrzucić albo połączyć z inną aktywnością."
A092;Mapa interesariuszy;SZKIELET;FALA S1 - przepisać szkielet na konkretny case;planowanie, procesy i logistyka;przepisać szkielet;najpierw karta konkretnego case’u + dopiero potem materiały uczniowskie;"Brakuje konkretnej zmiany szkolnej i interesariuszy; grozi narzekaniem.";"Ustalić konkretny temat/case, napisać problem startowy i dopiero potem przygotować materiały; jeśli nie da się tego zrobić w 45 minut, odrzucić albo połączyć z inną aktywnością."
A093;Szkoła jako escape map;SZKIELET;FALA S2 - decyzja: przepisać albo odrzucić;dedukcja, śledztwa i escape room;przepisać szkielet;najpierw karta konkretnego case’u + dopiero potem materiały uczniowskie;"To zadanie projektowe bez pakietu startowego; uczniowie muszą wymyślić zagadki od zera.";"Ustalić konkretny temat/case, napisać problem startowy i dopiero potem przygotować materiały; jeśli nie da się tego zrobić w 45 minut, odrzucić albo połączyć z inną aktywnością."
A094;Projekt plakatu ostrzegawczego;PAKIET;FALA 3 - uzupełnić lub połączyć z innymi;informacja, argumentacja i komunikaty;opracować pakiet;neutralne materiały wejściowe + kryteria oceny + przykład dobrej odpowiedzi;Brakuje konkretnego ryzyka/oszustwa i kryteriów testu 5 sekund.;Przygotować brakujący pakiet materiałów wskazany w audycie, dopisać instrukcję dla uczniów, punktację, kryterium sukcesu i przykład/klucz odpowiedzi.
A095;Wiadomość kryzysowa 160 znaków;PAKIET;FALA 3 - uzupełnić lub połączyć z innymi;informacja, argumentacja i komunikaty;opracować pakiet;neutralne materiały wejściowe + kryteria oceny + przykład dobrej odpowiedzi;Brakuje karty awarii i danych firmy/klientów.;Przygotować brakujący pakiet materiałów wskazany w audycie, dopisać instrukcję dla uczniów, punktację, kryterium sukcesu i przykład/klucz odpowiedzi.
A096;Kryzys w social media;PAKIET;FALA 1 - najpierw opracować do pełnych kart;informacja, argumentacja i komunikaty;opracować pakiet;neutralne materiały wejściowe + kryteria oceny + przykład dobrej odpowiedzi;Brakuje kart komentarzy, faktów awarii i bezpiecznych zasad tonu.;Przygotować brakujący pakiet materiałów wskazany w audycie, dopisać instrukcję dla uczniów, punktację, kryterium sukcesu i przykład/klucz odpowiedzi.
A097;Turniej decyzji klienta;PAKIET;FALA 3 - uzupełnić lub połączyć z innymi;finanse i decyzje codzienne;opracować pakiet;profil osoby/klienta + cennik/oferty + karta obliczeń + klucz;Brakuje profilu klienta, ofert i ukrytych kosztów.;Przygotować brakujący pakiet materiałów wskazany w audycie, dopisać instrukcję dla uczniów, punktację, kryterium sukcesu i przykład/klucz odpowiedzi.
A098;Ranking narzędzi do misji;PAKIET;FALA 3 - uzupełnić lub połączyć z innymi;planowanie, procesy i logistyka;opracować pakiet;mapa/proces/scenariusz + ograniczenia + kryteria priorytetu + rozwiązanie przykładowe;Brakuje konkretnego zadania zawodowego i listy narzędzi.;Przygotować brakujący pakiet materiałów wskazany w audycie, dopisać instrukcję dla uczniów, punktację, kryterium sukcesu i przykład/klucz odpowiedzi.
A099;Napraw projekt po teście;PAKIET;FALA 3 - uzupełnić lub połączyć z innymi;projektowanie i twórcze rozwiązywanie problemów;opracować pakiet;konkretny brief użytkownika + ograniczenia + test rozwiązania + rubryka oceny;Brakuje słabego projektu, wyników testu i budżetu poprawek.;Przygotować brakujący pakiet materiałów wskazany w audycie, dopisać instrukcję dla uczniów, punktację, kryterium sukcesu i przykład/klucz odpowiedzi.
A100;Final boss: misja 5000 zł;PAKIET;FALA 1 - najpierw opracować do pełnych kart;finanse i decyzje codzienne;opracować pakiet;profil osoby/klienta + cennik/oferty + karta obliczeń + klucz;Brakuje kart zasobów, cennika, celu wydarzenia i kryteriów oceny.;Przygotować brakujący pakiet materiałów wskazany w audycie, dopisać instrukcję dla uczniów, punktację, kryterium sukcesu i przykład/klucz odpowiedzi.
