id;robocza_nazwa;krotki_opis;glowny_mechanizm;kategoria;kompetencje;liczba_osob;optymalna_wielkosc_zespolu;czas;materialy;poziom_przygotowania;potencjal_zainteresowania;konkretnosc_efektu;rzeczywista_wspolpraca;grupa_16;grupa_30;ryzyko_chaosu;zwrot_akcji_mozliwy;przykladowy_zwrot_akcji;odpowiedz_po_co;source_type;zrodlo_inspiracji;url;adaptacja_bs_technikum;ryzyka;status;score
A001;Wieza z 3 kartek;Zespoly buduja jak najwyzsza stojaca wieze z 3 kartek i tasmy. Wynik mierzy sie wysokoscia i testem stabilnosci.;limit materialow -> prototyp -> test -> poprawa;konstruowanie|rywalizacja;wspolpraca|planowanie|testowanie;16-30;4-5;35-45 min;kartki A4, tasma, nozyczki;2;5;5;4;TAK;TAK;3;TAK;po 10 min odebrac jedna kartke albo dodac test wiatru;Macie zbudowac najwyzsza wieze, ktora naprawde ustoi.;STEM;S005 TeachEngineering Paper Tower;https://www.teachengineering.org/activities/view/ced-2670-newspaper-towers-engineering-design-activity;Dac ton ekipy technicznej i pomiar wyniku;ciecie tasmy, balagan;STRONG CANDIDATE;19
A002;Most za grosze;Zespoly projektuja most z papieru i tasmy, ktory utrzyma jak najwiekszy ciezar miedzy dwiema lawkami.;ograniczone zasoby -> konstrukcja -> test obciazenia;konstruowanie|optymalizacja;projektowanie|wspolpraca|logika;16-30;4-5;45 min;papier, tasma, monety lub ksiazki;2;5;5;4;TAK;TAK;3;TAK;po 15 min zwiekszyc rozstaw podpor;Macie sprawdzic, czy wasz most utrzyma realny ciezar.;STEM;S004 Science Buddies Paper STEM;https://www.sciencebuddies.org/blog/paper-science-activities;Dobre dla technikum przez jezyk konstrukcyjny;upadek obciazenia;STRONG CANDIDATE;19
A003;Wysiegnik bez dotykania;Zespol buduje wysiegnik z papieru, ktory siega jak najdalej poza krawedz biurka bez przewrocenia.;prototyp -> pomiar zasiegu -> iteracja;konstruowanie|optymalizacja;planowanie|testowanie|kreatywnosc;16-30;4-5;35 min;papier, tasma, linijka;2;4;5;4;TAK;TAK;3;TAK;po pierwszym tescie doliczyc punkty za najmniejsza mase;Macie uzyskac najdluzszy stabilny wysiegnik.;STEM;S003 DiscoverE;https://discovere.org/student-activities/times/45-minutes-or-less/;Mocno techniczne, malo szkolne;spory o pomiar;STRONG CANDIDATE;17
A004;Tor dla kulki;Zespoly buduja papierowy tor, po ktorym kulka lub zwiniety papier ma jechac jak najdluzej bez zatrzymania.;konstrukcja -> test czasu przejazdu -> poprawa;konstrukcje|gry i rywalizacja;eksperymentowanie|planowanie|komunikacja;16-30;4-5;45 min;papier, tasma, kulka lub zwitek papieru;2;5;5;4;TAK;TAK;4;TAK;po 10 min wprowadzic zakaz dotykania podlogi przez tor;Macie spowolnic przejazd i wygrac czasem toru.;STEM;S004 Science Buddies Ball Run;https://www.sciencebuddies.org/blog/paper-science-activities;Dobre dla klas praktycznych, widac efekt;chaos przy testach;STRONG CANDIDATE;18
A005;Chwytak ratunkowy;Zespoly buduja narzedzie z papieru i tasmy do podniesienia przedmiotu z odleglosci bez dotykania reka.;problem -> prototyp narzedzia -> test podniesienia;konstruowanie|misja;projektowanie|manualnosc|wspolpraca;16-30;4-5;40 min;papier, tasma, maly przedmiot;2;5;5;4;TAK;TAK;3;TAK;zmienic przedmiot na ciezszy lub mniejszy;Macie zbudowac chwytak, ktory faktycznie podniesie cel.;STEM;S004 Science Buddies Ping Pong Pickup;https://www.sciencebuddies.org/blog/paper-science-activities;Pasuje do zawodowych skojarzen z narzedziami;rzucanie przedmiotami;STRONG CANDIDATE;19
A006;Lotnisko cargo;Zespoly buduja samolot papierowy, ktory ma doleciec jak najdalej z ladunkiem z monet lub spinaczy.;prototyp -> lot testowy -> modyfikacja;projektowanie|optymalizacja;testowanie|analiza|rywalizacja;16-30;4-5;35 min;papier, spinacze lub monety;1;5;5;3;TAK;TAK;3;TAK;po pierwszym locie zmienic punktacje na dokladnosc ladowania;Macie dostarczyc ladunek dalej albo celniej niz inni.;STEM;S003 DiscoverE;https://discovere.org/student-activities/times/45-minutes-or-less/;Proste, szybkie, z mierzalnym wynikiem;latanie po sali;STRONG CANDIDATE;18
A007;Helikopter awaryjny;Zespoly projektuja papierowy rotor, ktory spada jak najwolniej z ustalonej wysokosci.;konstrukcja -> pomiar czasu -> iteracja;STEM|optymalizacja;eksperyment|wnioskowanie|wspolpraca;16-30;4-5;35 min;papier, nozyczki, stoper;1;4;5;3;TAK;TAK;3;TAK;po 15 min liczyc dodatkowo celnosc ladowania;Macie zrobic wirnik, ktory najdluzej utrzyma sie w powietrzu.;STEM;S004 Science Buddies Paper STEM;https://www.sciencebuddies.org/blog/paper-science-activities;Dobry szybki test bez teorii fizyki;bieganie po klasie;Kandydat;16
A008;Lancuch z jednej kartki;Zespoly tna jedna kartke tak, by uzyskac najdluzszy lancuch utrzymujacy sie w jednym kawalku.;ograniczenie materialu -> optymalizacja -> pomiar;optymalizacja|konstruowanie;planowanie|precyzja|wspolpraca;16-30;4-5;25-35 min;jedna kartka, nozyczki, tasma opcjonalnie;1;4;5;3;TAK;TAK;2;TAK;po 8 min zakazac uzycia tasmy;Macie wycisnac maksymalny wynik z jednej kartki.;STEM;S004 Science Buddies Paper STEM;https://www.sciencebuddies.org/blog/paper-science-activities;Dobre jako szybka rywalizacja;ostroznie z nozyczkami;Kandydat;17
A009;Folia kontra ladunek;Zespoly buduja lodke z folii aluminiowej, ktora utrzyma najwiecej monet bez zatoniecia.;prototyp -> test wypornosci -> ranking;konstruowanie|rywalizacja;testowanie|wspolpraca|optymalizacja;16-30;4-5;35-45 min;folia, miska z woda, monety;2;5;5;4;WARUNKOWO;WARUNKOWO;4;TAK;po pierwszym tescie zmniejszyc powierzchnie folii;Macie zrobic lodke, ktora utrzyma najwiekszy ladunek.;STEM;S003 DiscoverE;https://discovere.org/student-activities/times/45-minutes-or-less/;Dziala lepiej w sali z dostepem do wody;rozlana woda;Kandydat;17
A010;Katapulta z biura;Zespoly buduja prosta wyrzutnie z gumek, patyczkow lub lyzek i celuja papierowa kulka do stref punktowych.;prototyp -> test celnosci -> poprawa;konstruowanie|gry;projektowanie|pomiar|rywalizacja;16-30;4-5;45 min;gumki, patyczki, lyzki, papier;2;5;5;4;TAK;TAK;4;TAK;po rundzie zmienic punktacje na najnizszy koszt materialow;Macie zbudowac wyrzutnie i trafic w cel.;STEM;S003 DiscoverE;https://discovere.org/student-activities/times/45-minutes-or-less/;Atrakcyjne, ale wymaga jasnych zasad bezpieczenstwa;strzelanie w ludzi;Kandydat;17
A011;Stabilna platforma 20 cm;Zespoly maja utrzymac butelke lub ksiazke minimum 20 cm nad blatem uzywajac tylko papieru.;ograniczenie -> konstrukcja -> test obciazenia;konstruowanie;wspolpraca|planowanie|test;16-30;4-5;35 min;papier, tasma, butelka lub ksiazka;2;5;5;4;TAK;TAK;3;TAK;po 10 min dodac minimalna wysokosc 30 cm;Macie zbudowac podest, ktory naprawde utrzyma ciezar.;STEM;S005 TeachEngineering;https://www.teachengineering.org/activities/view/ced-2670-newspaper-towers-engineering-design-activity;Bardzo czytelny efekt dla technikum;upadek obciazenia;STRONG CANDIDATE;19
A012;Kontener z papieru;Zespoly projektuja opakowanie z jednej kartki, ktore ochroni gumke lub jajko z malej wysokosci.;prototyp -> test ochrony -> punktacja;projektowanie|konstruowanie;empatia techniczna|testowanie|wspolpraca;16-30;4-5;45 min;papier, tasma, gumka lub jajko opcjonalnie;2;5;5;4;WARUNKOWO;WARUNKOWO;4;TAK;zmienic kryterium z ochrony na minimalny koszt materialu;Macie zaprojektowac opakowanie, ktore przejdzie test upadku.;STEM;S003 DiscoverE;https://discovere.org/student-activities/times/45-minutes-or-less/;Zamiast jajka mozna uzyc gumki, mniej balaganu;balagan przy jajku;Kandydat;17
A013;Dzwig z linijki i sznurka;Zespoly buduja mechanizm do przeniesienia kubka przez wyznaczona linie bez dotykania kubka reka.;misja transportowa -> konstrukcja -> test;konstruowanie|komunikacja;manualnosc|koordynacja|wspolpraca;16-30;4-5;35 min;sznurek, gumki, kubek, patyczki;2;5;5;5;TAK;TAK;4;TAK;po probie dodac zakaz mowienia dla jednej osoby;Macie przeniesc ladunek bez dotykania go reka.;team building;S013 Blind Build;https://www.naboo.app/en-us/blog/blind-build-challenge;Dac klimat zadania technicznego;halas, chaos;STRONG CANDIDATE;19
A014;Wieza z butow;Zespoly bez materialow buduja najwyzsza stabilna wieze z wlasnych butow lub plecakow, z zasadami higieny.;zasob lokalny -> konstrukcja -> pomiar;konstruowanie|rywalizacja;kreatywnosc|wspolpraca|planowanie;16-30;4-5;15-20 min;brak, tylko dostepne przedmioty;0;4;5;3;TAK;TAK;4;TAK;po 5 min zakaz uzycia jednego typu przedmiotu;Macie zbudowac najwyzsza stabilna konstrukcje z tego, co macie.;team building;S015 Assessment build challenge;https://targetjobs.co.uk/careers-advice/interviews-and-assessment-centres/group-exercises-what-expect;Uzyc tylko jesli klasa akceptuje, bez presji zdejmowania butow;higiena, opor;Kandydat;16
A015;Mur odporny na wiatr;Zespoly buduja scianke z papieru, ktora wytrzyma podmuch z kartki lub wachlowanie.;konstrukcja -> test sily bocznej -> poprawa;konstruowanie;projektowanie|testowanie|wnioskowanie;16-30;4-5;35 min;papier, tasma;2;4;5;4;TAK;TAK;3;TAK;po pierwszym tescie podwoic odleglosc albo sile wiatru;Macie zbudowac mur, ktory przejdzie test wiatru.;STEM;S005 TeachEngineering;https://www.teachengineering.org/activities/view/ced-2670-newspaper-towers-engineering-design-activity;Dobre jako wariant wiezy;spory o test;Kandydat;17
A016;Kieszonkowy budzet miesiaca;Zespoly dostaja profil osoby i liste kosztow. Maja ulozyc budzet, ktory nie schodzi ponizej zera i obronic 3 ciecia.;ograniczony budzet -> wybor -> obrona decyzji;pieniadze|zycie codzienne;decyzje|argumentacja|liczenie;16-30;4-5;35-45 min;karta scenariusza, kalkulator opcjonalnie;1;5;4;4;TAK;TAK;2;TAK;po 10 min pojawia sie nagly wydatek 400 zl;Macie przezyc miesiac finansowo i nie wpasc pod kreske.;finanse;S009 CFPB activities;https://www.consumerfinance.gov/consumer-tools/educator-tools/youth-financial-education/teach/activities/;Bardzo blisko zycia uczniow;tematy domowych pieniedzy;STRONG CANDIDATE;18
A017;Najlepszy abonament;Zespoly porownuja 4 oferty telefonu i wybieraja najlepsza dla profilu uzytkownika wedlug macierzy punktow.;dane ofert -> macierz decyzji -> wybor;zycie codzienne|pieniadze;analiza informacji|decyzje|argumentacja;16-30;4-5;35 min;wydruk ofert lub wyswietlenie;1;4;4;3;TAK;TAK;2;TAK;po 10 min zmienia sie profil klienta;Macie wybrac abonament, na ktorym klient najmniej straci.;finanse;S009 CFPB cell phone plan;https://www.consumerfinance.gov/consumer-tools/educator-tools/youth-financial-education/teach/activities/;Mozna uzyc fikcyjnych ofert z realnym jezykiem;reklama operatorow;Kandydat;15
A018;Wyplata netto sprint;Zespoly analizuja uproszczony pasek wyplaty i musza znalezc, ile realnie zostaje oraz gdzie zniknely pieniadze.;dokument -> odczyt danych -> odpowiedz;pieniadze|zycie codzienne;czytanie dokumentow|liczenie|wnioskowanie;16-30;4-5;30-40 min;wydruk paska wyplaty;1;4;4;3;TAK;TAK;2;TAK;dodac drugi pasek z bledem do wykrycia;Macie sprawdzic, ile faktycznie dostaje pracownik i dlaczego.;finanse;S009 CFPB paycheck;https://www.consumerfinance.gov/consumer-tools/educator-tools/youth-financial-education/teach/activities/;Praktyczne dla uczniow branzowych;moze wymagac prostego wytlumaczenia skladek;Kandydat;15
A019;Awaria budzetu;Zespoly planuja tydzien wydatkow, a w trakcie losuja awarie: mandat, telefon, dojazd, choroba. Musza przebudowac plan.;plan -> losowa awaria -> korekta;pieniadze|decyzje;adaptacja|priorytety|negocjacje;16-30;4-5;40 min;karty wydatkow i awarii;1;5;4;4;TAK;TAK;3;TAK;losowa karta awarii po 12 min;Macie utrzymac budzet mimo problemu, jak w normalnym zyciu.;finanse;S009 CFPB spending scenarios;https://www.consumerfinance.gov/consumer-tools/educator-tools/youth-financial-education/teach/activities/;Silny hook przez realnosc;tematy biedy trzeba neutralizowac fikcyjnym profilem;STRONG CANDIDATE;17
A020;Mini firma za 200 zl;Zespoly wymyslaja usluge lub produkt za startowe 200 zl, licza koszt, cene i zysk, potem bronia pomyslu.;ograniczony kapital -> model biznesu -> pitch;pieniadze|przedsiebiorczosc;liczenie|kreatywnosc|argumentacja;16-30;4-5;45 min;karta kosztow, kartki;1;5;4;4;TAK;TAK;3;TAK;po 15 min wzrasta koszt materialow o 30 procent;Macie stworzyc pomysl, ktory ma szanse zarobic, nie tylko ladnie brzmiec.;finanse;S010 NGPF Arcade;https://www.ngpf.org/arcade/;Dobre dla technikum i BS przez praktyczny kontekst;dominacja jednej osoby;STRONG CANDIDATE;17
A021;Kawiarenka z marza;Zespoly projektuja menu szkolnej kawiarenki, licza koszty i ustalaja ceny, aby osiagnac zysk bez przesady.;koszty -> ceny -> ranking zysku i sensownosci;pieniadze|przedsiebiorczosc;liczenie|planowanie|decyzje;16-30;4-5;45 min;karta kosztow;1;4;4;4;TAK;TAK;2;TAK;po 15 min jeden skladnik drozeje;Macie ustawic ceny tak, zeby firma przetrwala i klienci kupili.;finanse;S024 NBP Edukacja;https://nbp.pl/edukacja/zasoby-edukacyjne/scenariusze-lekcji/;Dobry most do zawodow uslugowych;mozliwe zarty z cen;Kandydat;16
A022;Licytacja zasobow;Kazdy zespol ma budzet punktow i licytuje karty zasobow potrzebne do wykonania misji. Wygrywa najlepszy wynik, nie najwieksze zakupy.;aukcja -> strategia -> wykonanie;negocjacje|pieniadze;strategia|liczenie|wspolpraca;16-30;4-5;40 min;karty zasobow, punkty budzetu;2;5;4;4;TAK;TAK;4;TAK;po licytacji pojawia sie nowy cel premiowany;Macie kupic sprytnie, bo wszystkiego nie starczy.;gry;S015 Assessment group exercises;https://targetjobs.co.uk/careers-advice/interviews-and-assessment-centres/group-exercises-what-expect;Wymaga mocnego trzymania czasu;halas przy licytacji;Kandydat;15
A023;Rynek wymiany;Zespoly dostaja rozne zasoby i cele. Moga handlowac przez 8 minut, potem buduja lub skladaja wynik.;asymetria zasobow -> handel -> wynik;negocjacje|gry;komunikacja|strategia|wspolpraca;16-30;4-5;35-45 min;karty zasobow i celow;2;5;4;5;TAK;TAK;4;TAK;po handlu zmienia sie kurs jednego zasobu;Macie zdobyc brakujace zasoby, inaczej nie ukonczycie misji.;team building;S016 Conflict simulations;https://teach.conflictresolution.gmu.edu/category/teaching-resources/case-studies-simulations/;Silne, ale wymaga jasnych zasad transakcji;chaos i przekrzykiwanie;STRONG CANDIDATE;17
A024;Oszczednosciowy zestaw ratunkowy;Zespoly wybieraja z listy wydatkow i decyzji plan awaryjny dla mlodego pracownika po utracie czesci dochodu.;scenariusz -> priorytety -> plan;pieniadze|zycie codzienne;decyzje|argumentacja|planowanie;16-30;4-5;35 min;karta scenariusza;1;4;4;3;TAK;TAK;2;TAK;po 10 min dochodzi naprawa telefonu;Macie ustalic, co robic, zeby nie wejsc w dlug.;finanse;S009 CFPB savings first aid;https://www.consumerfinance.gov/consumer-tools/educator-tools/youth-financial-education/teach/activities/;Fikcyjny profil chroni prywatnosc;tematy pieniedzy;Kandydat;15
A025;Detektor oszustwa;Zespoly analizuja 6 wiadomosci i stron, wskazuja trzy najbardziej ryzykowne oraz dowody ostrzegawcze.;materialy -> analiza -> werdykt;informacja i fake news|zycie codzienne;krytyczne myslenie|argumentacja|cyberbezpieczenstwo;16-30;4-5;35 min;wydruk screenow lub opisy;1;5;4;4;TAK;TAK;2;TAK;po 10 min pojawia sie dodatkowa wiadomosc od znajomego;Macie wykryc, ktora oferta moze was okrasc.;finanse;S009 CFPB identity protection;https://www.consumerfinance.gov/consumer-tools/educator-tools/youth-financial-education/teach/activities/;Bardzo praktyczne dla nastolatkow;nie uzywac prawdziwych danych uczniow;STRONG CANDIDATE;18
A026;Subskrypcje zjadaja wyplate;Zespoly dostaja liste malych oplat i maja znalezc najwieksze przecieki w budzecie oraz plan ciecia.;dane -> diagnoza -> plan ciecia;pieniadze|zycie codzienne;analiza|priorytety|liczenie;16-30;4-5;30 min;karta oplat;1;4;4;3;TAK;TAK;2;TAK;po 8 min dodac nowa obowiazkowa oplate;Macie znalezc, gdzie uciekaja pieniadze.;finanse;S009 CFPB spending scenarios;https://www.consumerfinance.gov/consumer-tools/educator-tools/youth-financial-education/teach/activities/;Dobre na krotkie zastepstwo;moze byc za spokojne;Kandydat;15
A027;Zakup telefonu uzywanego;Zespoly wybieraja telefon z ofert, oceniaja ryzyko oszustwa i tworza checkliste zakupu.;oferty -> analiza ryzyka -> decyzja;zycie codzienne|informacja;ocena informacji|decyzje|argumentacja;16-30;4-5;35 min;fikcyjne ogloszenia;1;5;4;3;TAK;TAK;2;TAK;po 10 min jedna oferta dostaje nowa informacje o blokadzie;Macie kupic sprzet i nie dac sie naciagnac.;finanse;S009 CFPB;https://www.consumerfinance.gov/consumer-tools/educator-tools/youth-financial-education/teach/activities/;Blisko realnych wyborow uczniow;uzywac fikcyjnych ofert;STRONG CANDIDATE;16
A028;Trasa dostawy;Zespoly planuja najkrotsza trase dostarczenia paczek przy limicie czasu i paliwa. Wynik to koszt i liczba dostaw.;mapa -> optymalizacja -> wynik;planowanie|logistyka;logika|wspolpraca|decyzje;16-30;4-5;35-45 min;prosta mapa, karty dostaw;1;5;4;4;TAK;TAK;3;TAK;po 12 min zamknac jedna droge;Macie dowiezc jak najwiecej paczek najtaniej.;assessment;S015 Assessment case study;https://targetjobs.co.uk/careers-advice/interviews-and-assessment-centres/group-exercises-what-expect;Dobre dla klas logistycznych, transportowych;spory o zasady mapy;STRONG CANDIDATE;17
A029;Ewakuacja po zmianie planu;Zespoly tworza plan ewakuacji fikcyjnego obiektu z ograniczeniami, potem nauczyciel zamyka jedna droge.;plan -> awaria -> aktualizacja;planowanie|problemy spoleczne;decyzje|adaptacja|komunikacja;16-30;4-5;40 min;schemat budynku;1;5;4;4;TAK;TAK;3;TAK;jedna droga zostaje zamknieta;Macie ulozyc plan, ktory zadziala nawet po awarii.;assessment;S015 Assessment case study;https://targetjobs.co.uk/careers-advice/interviews-and-assessment-centres/group-exercises-what-expect;Trzymac temat fikcyjny i techniczny;nie wywolywac paniki realna szkola;STRONG CANDIDATE;17
A030;Awaria w warsztacie;Zespoly dostaja opis zakladu, 5 awarii i ograniczony zespol pracownikow. Musza ustalic kolejnosc napraw.;case -> priorytety -> harmonogram;planowanie|zycie zawodowe;decyzje|argumentacja|wspolpraca;16-30;4-5;35 min;karta scenariusza;1;5;4;4;TAK;TAK;2;TAK;po 10 min dochodzi pilne zamowienie;Macie ustawic naprawy tak, by firma nie stanela.;assessment;S015 Assessment centre;https://targetjobs.co.uk/careers-advice/interviews-and-assessment-centres/group-exercises-what-expect;Bardzo dobre dla BS i technikum;wymaga jasnego profilu zawodowego;STRONG CANDIDATE;18
A031;Misja ksiezycowa 15 rzeczy;Uczniowie najpierw indywidualnie, potem zespolowo rankinguja rzeczy potrzebne do przezycia. Wynik porownuje sie z modelem eksperckim lub logika scenariusza.;ranking indywidualny -> konsensus -> porownanie;decyzje|survival;argumentacja|negocjacje|wspolpraca;16-30;4-5;35-45 min;lista 15 przedmiotow;1;4;4;4;TAK;TAK;2;TAK;po konsensusie zmienia sie dystans do bazy;Macie wybrac rzeczy, od ktorych zalezy przezycie misji.;survival;S006 NASA Exercise;https://www.psychologicalscience.org/observer/nasa-exercise;Zmienic realia na fikcyjne, nie kopiowac listy doslownie;dominacja glosnych osob;Kandydat;16
A032;Baza odcieta od swiata;Zespoly wybieraja 4 osoby z 12 kandydatow do bazy kryzysowej, potem dostaja awarie sprawdzajaca wybor.;ograniczony sklad -> selekcja -> test scenariuszem;decyzje|survival;argumentacja|analiza ryzyka|negocjacje;16-30;4-5;45 min;karty kandydatow;2;5;4;4;TAK;TAK;3;TAK;po wyborze awaria wymaga konkretnej umiejetnosci;Macie zlozyc ekipe, ktora poradzi sobie z awaria.;survival;S006 NASA Exercise;https://www.psychologicalscience.org/observer/nasa-exercise;Kandydaci fikcyjni, bez cech wrazliwych;stereotypy przy rolach;STRONG CANDIDATE;17
A033;Pustynny konwoj;Zespoly wybieraja trase i zapasy dla konwoju po awarii pojazdu. Wygrywa plan z najlepszym bilansem ryzyka i zasobow.;zasoby -> trasa -> ryzyko -> decyzja;survival|planowanie;analiza|negocjacje|decyzje;16-30;4-5;40 min;mapa i lista zasobow;1;4;4;4;TAK;TAK;2;TAK;po 12 min odpada jeden pojazd;Macie doprowadzic konwoj do celu przy ograniczonych zasobach.;survival;S006 NASA Exercise;https://www.psychologicalscience.org/observer/nasa-exercise;Dobry wariant bez kosmosu;moze byc zbyt abstrakcyjny;Kandydat;16
A034;Wyspa po sztormie;Zespoly wybieraja 8 z 20 przedmiotow i planuja pierwsze 24 godziny. Potem traca jeden zasob.;ranking -> plan -> korekta;survival|decyzje;priorytety|argumentacja|planowanie;16-30;4-5;40 min;lista przedmiotow;1;4;4;4;TAK;TAK;2;TAK;sztorm niszczy jeden wybrany zasob;Macie wybrac rzeczy i plan, ktory utrzyma was przy zyciu.;survival;S006 NASA Exercise;https://www.psychologicalscience.org/observer/nasa-exercise;Przedstawic jako gra decyzyjna, nie wakacyjna zabawa;dominacja;Kandydat;16
A035;Szpital polowy;Zespoly przydzielaja ograniczone zasoby do 6 pacjentow z fikcyjnymi przypadkami technicznymi, nie medycznymi. Chodzi o priorytety.;ograniczone zasoby -> priorytety -> uzasadnienie;decyzje|problemy spoleczne;etyka praktyczna|argumentacja|wspolpraca;16-30;4-5;40 min;karty przypadkow;2;4;4;4;TAK;TAK;3;TAK;po 10 min dostepny zasob spada o polowe;Macie podjac trudna decyzje, bo nie starczy dla wszystkich.;symulacje;S025 Facing History;https://www.facinghistory.org/resource-library/teaching-strategies;Utrzymac fikcyjne, bez osobistych historii;temat moze byc wrazliwy;Kandydat;15
A036;Zaginiony prototyp;Zespoly dostaja zestaw poszlak i musza ustalic, kto wyniosl prototyp z pracowni oraz jaka byla sekwencja zdarzen.;clue set -> dedukcja -> werdykt;zagadki|dedukcja;logika|czytanie ze zrozumieniem|wspolpraca;16-30;4-5;35-45 min;karty poszlak;1;5;4;4;TAK;TAK;2;TAK;po 15 min pojawia sie nowy swiadek;Macie znalezc sprawce przed innymi zespolami.;mystery;S020 Edutopia Logic Puzzles;https://www.edutopia.org/article/4-ways-use-math-logic-puzzles-students/;Unikac makabry, dac temat pracowni;nadmierne wczuwanie;STRONG CANDIDATE;18
A037;Timeline sledztwa;Kazdy uczen ma jedna wskazowke. Zespol musi ulozyc chronologie zdarzen bez pokazywania kartek.;rozdzielone informacje -> komunikacja -> sekwencja;dedukcja|information gap;komunikacja|logika|wspolpraca;16-30;4-5;30-40 min;karty wskazowek;1;5;4;5;TAK;TAK;3;TAK;jedna wskazowka okazuje sie mylaca;Macie ulozyc wydarzenia, ale nikt nie ma calej historii.;information gap;S011 Information Gap;https://americanenglish.state.gov/resources/teachers-corner-speaking-information-gap-activities;Swietne, bo kazdy ma czesc rozwiazania;frustracja slabszych czytelnikow;STRONG CANDIDATE;19
A038;Kod do sejfu;Zespoly rozwiazuja 4 krotkie zagadki, a kazda daje cyfre kodu. Wygrywa zespol z poprawnym kodem i karta dowodow.;seria zagadek -> kod -> weryfikacja;escape room|logika;dedukcja|wspolpraca|uwaga;16-30;4-5;35 min;karty zagadek;1;5;4;4;TAK;TAK;3;TAK;jedna zagadka ma dodatkowa podpowiedz za kare punktowa;Macie zlamac kod szybciej niz inne zespoly.;escape room;S007 Inspired Teaching Escape Rooms;https://inspiredteaching.org/escape-rooms/;Bez klodek, tylko kod na kartce;zbyt trudne zagadki;STRONG CANDIDATE;18
A039;No-lock escape route;Zespoly wykonuja 4 misje papierowe, zbieraja symbole i skladaja finalne haslo ucieczki.;stacje -> symbole -> haslo;escape room|gry;wspolpraca|logika|czas;16-30;4-5;40-45 min;wydruk 1-2 stron na zespol;1;5;4;4;TAK;TAK;3;TAK;po 20 min skrocic czas i dac mozliwosc kupna podpowiedzi;Macie wydostac sie z pokoju, skladajac haslo z zadan.;escape room;S008 No Locks Escape Rooms;https://teachersareterrific.com/2023/05/no-prep-no-locks-escape-room.html;Wersja neutralna tematycznie, bez dziecinnej fabuly;chaos przy podpowiedziach;STRONG CANDIDATE;18
A040;Szyfr kuriera;Zespoly lamia prosty szyfr podstawieniowy, przestawieniowy i kod QR opisany tekstowo, by odczytac instrukcje misji.;szyfr -> dekodowanie -> instrukcja;logika|escape room;wzorce|wspolpraca|wytrwalosc;16-30;4-5;30-40 min;karty z szyframi;1;5;4;3;TAK;TAK;3;TAK;jedna litera szyfru jest uszkodzona;Macie odczytac wiadomosc, ktora prowadzi do celu.;escape room;S007 Inspired Teaching;https://inspiredteaching.org/escape-rooms/;Dobrac latwosc do klasy, bez wiedzy matematycznej;frustracja;Kandydat;16
A041;Mapa z brakami;Kazdy czlonek zespolu ma inny fragment mapy lub ograniczen. Razem musza wyznaczyc trase i punkt docelowy.;rozdzielone dane -> integracja -> decyzja;information gap|planowanie;komunikacja|analiza|wspolpraca;16-30;4-5;30-40 min;karty fragmentow mapy;1;5;4;5;TAK;TAK;3;TAK;po 10 min jedna droga zamknieta;Macie znalezc trase, ale nikt nie widzi calej mapy.;information gap;S011 American English;https://americanenglish.state.gov/resources/teachers-corner-speaking-information-gap-activities;Bardzo dobre na wspolprace rzeczywista;spory przy mapie;STRONG CANDIDATE;19
A042;Kto ma alibi;Zespoly analizuja alibi, bilety, godziny i sprzecznosci, aby wskazac osobe, ktora klamie.;dane -> eliminacja -> werdykt;dedukcja|zagadki;logika|argumentacja|uwaga;16-30;4-5;35 min;karty alibi;1;5;4;4;TAK;TAK;2;TAK;po 12 min dochodzi monitoring z bledem czasu;Macie wykryc klamstwo w danych.;mystery;S020 Edutopia Logic Puzzles;https://www.edutopia.org/article/4-ways-use-math-logic-puzzles-students/;Temat neutralny, np. zaginiony klucz;oskarzanie bez zasad;STRONG CANDIDATE;18
A043;Logiczna siatka z presja czasu;Zespoly rozwiazuja grid logiczny o zawodach, narzedziach i zamowieniach. Wynik to kompletna tabela.;ograniczenia -> eliminacja -> tabela;logika|dedukcja;wnioskowanie|wspolpraca|dokladnosc;16-30;4-5;30-40 min;wydruk gridu;1;4;4;3;TAK;TAK;2;TAK;po 15 min mozna kupic podpowiedz za punkty;Macie wypelnic tabele bez zgadywania.;logika;S020 Edutopia Logic Puzzles;https://www.edutopia.org/article/4-ways-use-math-logic-puzzles-students/;Dobrac poziom, unikac zbyt szkolnej matematyki;jedna osoba moze przejac;Kandydat;15
A044;Zagadka bocznego myslenia jako sledztwo;Nauczyciel czyta dziwna sytuacje. Zespoly zadaja pytania tak/nie i konkuruja o najkrotsza droge do wyjasnienia.;hipotezy -> pytania -> rozwiazanie;logika|kreatywnosc;wnioskowanie|formulowanie pytan|wspolpraca;16-30;4-5;20-30 min;lista zagadek;0;4;3;3;TAK;TAK;2;TAK;po 5 pytaniach wprowadzic limit pytan dla zespolu;Macie wyjasnic absurdalna sytuacje jak detektywi.;lateral thinking;S020 Edutopia Logic;https://www.edutopia.org/article/4-ways-use-math-logic-puzzles-students/;Wybierac zagadki bez makabry i infantylnosci;moze stac sie zgadywanka;Kandydat;13
A045;Cztery dowody jeden falszywy;Zespoly dostaja pakiet dowodow, z ktorych jeden zostal spreparowany. Maja wykryc falszywke i uzasadnic.;analiza dowodow -> sprzecznosc -> werdykt;informacja|dedukcja;krytyczne myslenie|argumentacja|uwaga;16-30;4-5;35 min;karty dowodow;1;5;4;4;TAK;TAK;2;TAK;po 12 min dochodzi nowy dowod potwierdzajacy falsz;Macie znalezc falszywy dowod, zanim popsuje decyzje.;mystery;S025 Facing History;https://www.facinghistory.org/resource-library/teaching-strategies;Mozna laczyc z fake news bez polityki;zbyt trudne teksty;STRONG CANDIDATE;18
A046;Fake news triage;Zespoly dostaja 5 postow i maja ulozyc ranking wiarygodnosci z dowodami. Wygrywa najlepsze uzasadnienie.;materialy -> kryteria -> ranking;informacja i fake news;ocena zrodel|argumentacja|decyzje;16-30;4-5;35-45 min;wydruki postow;1;4;4;4;TAK;TAK;2;TAK;po 10 min pojawia sie korekta autora;Macie zdecydowac, czemu mozna ufac, zanim podacie dalej.;informacja;S001 Project Zero;https://pz.harvard.edu/thinking-routines;Wybierac neutralne tematy, np. promocje, zdrowe produkty bez medycyny;polaryzacja;Kandydat;16
A047;Aukcja wiarygodnosci zrodel;Zespoly maja 100 punktow i licytuja dostep do zrodel. Musza zbudowac najlepsza odpowiedz przy ograniczonym budzecie.;budzet informacji -> wybor zrodel -> odpowiedz;informacja|gry;strategia|ocena informacji|wspolpraca;16-30;4-5;40 min;karty zrodel;2;5;4;4;TAK;TAK;4;TAK;po licytacji jedno zrodlo traci wiarygodnosc;Macie kupic tylko te zrodla, ktore naprawde pomoga wygrac.;informacja;S001 Project Zero;https://pz.harvard.edu/thinking-routines;Dobre jako gra o researchu bez moralizowania;halas licytacji;STRONG CANDIDATE;16
A048;Naglowek kontra tresc;Zespoly dopasowuja naglowki do prawdziwej tresci artykulow i wskazuja manipulacje.;dopasowanie -> analiza -> werdykt;informacja|fake news;krytyczne myslenie|czytanie|argumentacja;16-30;4-5;30 min;wydruki naglowkow i leadow;1;4;4;3;TAK;TAK;2;TAK;dodac jeden naglowek-pulapke;Macie sprawdzic, czy naglowek nie robi was w balona.;informacja;S025 Facing History;https://www.facinghistory.org/resource-library/teaching-strategies;Uzywac neutralnych przykladow, np. technologia, sport;polaryzacja;Kandydat;15
A049;Zdjecie bez kontekstu;Zespoly dostaja zdjecie i 4 opisy. Musza wybrac najbardziej prawdopodobny oraz wypisac brakujace dane.;obserwacja -> hipotezy -> weryfikacja;informacja|dedukcja;obserwacja|argumentacja|ostroznosc wnioskow;16-30;4-5;25-35 min;zdjecie na ekranie lub wydruk;1;4;3;3;TAK;TAK;2;TAK;po wyborze pokazac kadr szerszy niz pierwotny;Macie nie dac sie zlapac na pierwsze wrazenie.;thinking routines;S001 Project Zero;https://pz.harvard.edu/thinking-routines;Dodac finalny werdykt, nie sama refleksje;tematy wrazliwe;Kandydat;13
A050;Sad nad argumentem;Zespoly dostaja teze i karty dowodow. Musza wybrac 3 najmocniejsze argumenty i 1 slaby do odrzucenia.;teza -> selekcja dowodow -> obrona;argumentacja|informacja;krytyczne myslenie|komunikacja|decyzje;16-30;4-5;35 min;karty argumentow;1;4;3;4;TAK;TAK;2;TAK;po 10 min przeciwnik ujawnia kontrdowod;Macie wygrac sprawe na dowodach, nie na glosnosci.;edukacja;S025 Facing History;https://www.facinghistory.org/resource-library/teaching-strategies;Brac lekkie tematy szkolne lub zawodowe;debata moze sie rozgrzac;Kandydat;15
A051;Drzewo decyzji: zamknac czy naprawic;Zespoly rysuja drzewo decyzji dla fikcyjnej awarii lokalu, liczac skutki kosztowe i ryzyka.;problem -> opcje -> konsekwencje -> decyzja;decyzje|planowanie;analiza ryzyka|argumentacja|wspolpraca;16-30;4-5;35 min;karta scenariusza;0;4;4;3;TAK;TAK;2;TAK;po 10 min pojawia sie nowy klient lub kontrola;Macie podjac decyzje, ktora ma realne koszty.;metody aktywizujace;S023 CEO KOSS;https://koss.ceo.org.pl/dla-nauczycieli/uczyc-inaczej/artykuly/o-metodach-aktywizujacych-raz-jeszcze;Praktyczne, bez potrzeby wiedzy przedmiotowej;moze byc zbyt papierowe;Kandydat;16
A052;SWOT kontra czas;Zespoly analizuja pomysl na szkolna usluge metoda SWOT, a potem musza zmienic go po pojawieniu sie zagrozenia.;analiza -> korekta projektu -> pitch;projektowanie|decyzje;analiza|kreatywnosc|argumentacja;16-30;4-5;35-40 min;kartka, tablica;0;4;3;3;TAK;TAK;2;TAK;po 12 min pojawia sie konkurent;Macie poprawic pomysl tak, zeby przetrwal problem.;metody aktywizujace;S023 CEO KOSS;https://koss.ceo.org.pl/dla-nauczycieli/uczyc-inaczej/artykuly/o-metodach-aktywizujacych-raz-jeszcze;Dobrze laczyc z biznesem;moze zejsc w gadanie;Kandydat;14
A053;Red team zabezpieczen;Zespoly projektuja prosty plan zabezpieczenia szkolnego wydarzenia, drugi zespol szuka luk, potem poprawka.;projekt -> atak krytyczny -> poprawa;planowanie|bezpieczenstwo;krytyczne myslenie|komunikacja|adaptacja;16-30;4-5;45 min;kartki;0;5;4;4;TAK;TAK;3;TAK;po krytyce dodac ograniczenie budzetu;Macie zrobic plan, ktory przejdzie probe ataku.;design thinking;S002 Stanford d.school;https://dschool.stanford.edu/tools/starter-kit;Silny dla technikum, wymaga jasnych ram;nie przesadzac z tematami przemocy;STRONG CANDIDATE;17
A054;Projekt lawki przyszlosci;Zespoly projektuja ulepszona lawke, narzedzie lub strefe pracy dla konkretnego profilu ucznia, robiac szkic i pitch.;wyzwanie uzytkownika -> szkic -> test pytaniami;projektowanie|kreatywnosc;empatia|prototypowanie|argumentacja;16-30;4-5;40-45 min;kartki, dlugopisy;0;4;3;4;TAK;TAK;2;TAK;po 15 min dodac limit ceny 150 zl;Macie zaprojektowac rzecz, ktora ktos faktycznie chcialby uzywac.;design thinking;S002 d.school Starter Kit;https://dschool.stanford.edu/tools/starter-kit;Dac konkretny profil i koszt, inaczej zbyt abstrakcyjne;estetyka moze zdominowac funkcje;Kandydat;16
A055;Crazy 8s produkt do plecaka;Uczniowie generuja 8 szybkich szkicow ulepszenia przedmiotu z plecaka, wybieraja jeden i dopracowuja.;szybka ideacja -> wybor -> prototyp papierowy;projektowanie|kreatywnosc;pomyslowosc|decyzje|pitch;16-30;4-5;30-40 min;kartki;0;4;3;3;TAK;TAK;2;TAK;po szkicach klient zmienia wymaganie;Macie wymyslic ulepszenie, ktore da sie sprzedac lub uzyc.;design thinking;S002 Stanford d.school;https://dschool.stanford.edu/tools/starter-kit;Wymagac konkretnego problemu, nie ladnego rysunku;moze byc za warsztatowe;Kandydat;14
A056;Prototyp z odpadow;Zespoly tworza model produktu z makulatury i tasm, ktory rozwiazuje zadany problem. Test to demonstracja funkcji.;problem -> prototyp -> demonstracja;projektowanie|konstruowanie;kreatywnosc|manualnosc|wspolpraca;16-30;4-5;45 min;papier, tektura, tasma;2;5;5;4;TAK;TAK;3;TAK;po 20 min zmienic uzytkownika produktu;Macie zbudowac model, ktory pokazuje dzialanie pomyslu.;design thinking;S002 d.school;https://dschool.stanford.edu/tools/starter-kit;Pasuje do praktycznego profilu klas;balagan;STRONG CANDIDATE;19
A057;Reklama produktu bezuzytecznego;Zespoly losuja dziwny produkt i tworza 30-sekundowa reklame z konkretnym klientem i korzyscia.;losowy produkt -> target -> pitch;kreatywnosc|przedsiebiorczosc;komunikacja|argumentacja|humor kontrolowany;16-30;4-5;30-35 min;karty produktow;1;4;3;4;TAK;TAK;3;TAK;po 10 min zmienic grupe klientow;Macie sprzedac cos trudnego tak, zeby mialo sens.;design thinking;S002 Stanford d.school;https://dschool.stanford.edu/tools/starter-kit;Nie robic wystepow osobistych, tylko produkt;zawstydzenie przy prezentacji;Kandydat;14
A058;Klient zmienia zdanie;Zespoly projektuja rozwiazanie dla klienta, po 10 minutach dostaja nowe wymaganie i musza poprawic projekt.;brief -> prototyp -> zmiana -> wersja 2;projektowanie|adaptacja;kreatywnosc|komunikacja|planowanie;16-30;4-5;40 min;karty briefu;1;5;4;4;TAK;TAK;2;TAK;klient chce taniej, szybciej albo dla innej grupy;Macie pokazac, czy wasz projekt wytrzyma zmiane wymagan.;design thinking;S002 d.school Starter Kit;https://dschool.stanford.edu/tools/starter-kit;Bardzo bliskie realnej pracy;moze frustrowac bez limitu;STRONG CANDIDATE;18
A059;Mapa drogi klienta;Zespoly ukladaja 8 krokow uslugi, wskazuja 2 momenty frustracji i proponuja konkretna poprawke.;proces -> diagnoza -> poprawka;projektowanie|zycie codzienne;analiza procesu|empatia|decyzje;16-30;4-5;35 min;karty krokow;1;4;3;3;TAK;TAK;2;TAK;po 10 min klient ma ograniczenie, np. brak aplikacji;Macie naprawic usluge tak, zeby klient nie odpadl.;design thinking;S002 Stanford d.school;https://dschool.stanford.edu/tools/starter-kit;Dobierac proste uslugi, np. zamowienie jedzenia;moze byc zbyt abstrakcyjne;Kandydat;14
A060;Najgorszy pomysl, potem naprawa;Zespoly wymyslaja najgorsze rozwiazania problemu, a potem zamieniaja 2 z nich w dzialajace usprawnienia.;odwrotna burza mozgow -> selekcja -> projekt;kreatywnosc|problem solving;tworczosc|analiza|wspolpraca;16-30;4-5;30-35 min;kartki;0;4;3;3;TAK;TAK;2;TAK;po pierwszej rundzie zakaz najlatwiejszej naprawy;Macie przerobic absurd w realne rozwiazanie.;metody aktywizujace;S023 CEO KOSS;https://koss.ceo.org.pl/dla-nauczycieli/uczyc-inaczej/artykuly/o-metodach-aktywizujacych-raz-jeszcze;Trzymac konkret i finalna poprawke;moze pojsc w wyglupy;Kandydat;14
A061;Kontrakt dostawcy;Zespoly w rolach klient-dostawca negocjuja cene, termin i jakosc. Wynik to podpisana umowa z punktacja interesow.;role z interesami -> negocjacje -> umowa;negocjacje|zycie zawodowe;komunikacja|liczenie|kompromis;16-30;4-5;35-45 min;karty rol;2;5;4;5;TAK;TAK;3;TAK;po 10 min klient dostaje nowy limit budzetu;Macie podpisac umowe, na ktorej wasza strona nie przegra.;negocjacje;S016 Conflict Resolution;https://teach.conflictresolution.gmu.edu/category/teaching-resources/case-studies-simulations/;Dobre dla zawodowych realiow;konflikt personalny;STRONG CANDIDATE;18
A062;Podzial warsztatu;Zespoly reprezentuja rozne ekipy, ktore potrzebuja tej samej sali lub sprzetu. Musza ustalic grafik.;konflikt zasobu -> negocjacje -> harmonogram;negocjacje|planowanie;kompromis|argumentacja|organizacja;16-30;4-5;35 min;karty potrzeb;1;4;4;5;TAK;TAK;3;TAK;po 10 min jedna ekipa dostaje pilne zlecenie;Macie dogadac grafik, bo kazdy czegos potrzebuje.;negocjacje;S015 Assessment leaderless task;https://targetjobs.co.uk/careers-advice/interviews-and-assessment-centres/group-exercises-what-expect;Bardzo szkolno-zawodowe;spory miedzy rolami;STRONG CANDIDATE;17
A063;Budzet wycieczki kontra realnosc;Zespoly planuja jednodniowy wyjazd za okreslona kwote. Potem rosna koszty transportu.;budzet -> plan -> korekta;planowanie|pieniadze;liczenie|decyzje|negocjacje;16-30;4-5;40 min;karta kosztow;1;5;4;4;TAK;TAK;2;TAK;transport drozeje o 25 procent;Macie zrobic plan, ktory zmiesci sie w budzecie.;finanse;S009 CFPB;https://www.consumerfinance.gov/consumer-tools/educator-tools/youth-financial-education/teach/activities/;Uzyc fikcyjnego miasta, konkretne ceny;spory o atrakcje;STRONG CANDIDATE;18
A064;Umowa wspolnego lokalu;Zespoly negocjuja zasady wspolnego wynajmu lokalu przez trzy firmy: koszty, godziny, sprzatanie, ryzyka.;role -> interesy -> umowa;negocjacje|zycie zawodowe;komunikacja|kompromis|planowanie;16-30;4-6;40-45 min;karty rol;2;4;4;5;TAK;TAK;3;TAK;po 15 min jeden partner traci czesc budzetu;Macie podpisac umowe, z ktora wszyscy moga zyc.;negocjacje;S016 Conflict simulations;https://teach.conflictresolution.gmu.edu/category/teaching-resources/case-studies-simulations/;Dobrze dla starszych klas;moze wymagac moderacji;Kandydat;16
A065;Dealerzy informacji;Zespoly maja tajne informacje o rynku i moga nimi handlowac, aby wybrac najlepsza inwestycje zespolowa.;asymetria informacji -> handel -> decyzja;negocjacje|informacja|pieniadze;strategia|komunikacja|analiza;16-30;4-5;40 min;karty informacji;2;5;4;5;TAK;TAK;4;TAK;po handlu jedna informacja traci waznosc;Macie zdobyc informacje, ktore pozwola podjac najlepsza decyzje.;information gap;S011 Information Gap;https://americanenglish.state.gov/resources/teachers-corner-speaking-information-gap-activities;Silne, ale wymaga czytelnych kart;chaos transakcyjny;STRONG CANDIDATE;16
A066;Dylemat wspolnej punktacji;Zespoly decyduja, czy grac egoistycznie czy wspolpracowac w kilku rundach punktowych. Wynik ujawnia sie na koniec.;rundy decyzji -> punkty -> analiza strategii;gry|decyzje;strategia|negocjacje|przewidywanie;16-30;4-5;25-35 min;tabela punktow;0;5;4;3;TAK;TAK;3;TAK;po 3 rundach zmienic mnoznik punktow wspolpracy;Macie zdobyc punkty, ale nie wiecie, czy inni wam zaufaja.;gry decyzyjne;S018 CASEL collaborative problem solving;https://schoolguide.casel.org/focus-area-3/classroom/integration-of-sel-and-instruction/;Nie moralizowac, pokazac strategie;oskarzenia po zdradzie;Kandydat;16
A067;Negocjacje ostatniego zasobu;Kilka zespolow potrzebuje tego samego zasobu do roznych misji. Musza przekonac komisje albo zawrzec wymiane.;konflikt interesow -> argumenty -> decyzja;negocjacje|decyzje;perswazja|priorytety|komunikacja;16-30;4-5;35 min;karty misji;1;4;4;4;TAK;TAK;3;TAK;po 10 min zasob mozna podzielic, ale traci skutecznosc;Macie udowodnic, ze to wam zasob da najwiekszy efekt.;assessment;S015 Assessment group exercises;https://targetjobs.co.uk/careers-advice/interviews-and-assessment-centres/group-exercises-what-expect;Dobre z rolami zawodowymi;konflikt;Kandydat;16
A068;Konsensus bez glosowania;Zespol musi wybrac jedno rozwiazanie z 5 opcji, ale decyzja liczy sie tylko przy zgodzie wszystkich.;opcje -> argumenty -> konsensus;wspolpraca|decyzje;sluchanie|argumentacja|kompromis;16-30;4-5;25-35 min;karty opcji;0;3;3;4;TAK;TAK;2;TAK;po 10 min jedna opcja znika;Macie znalezc decyzje, ktora przejdzie przez caly zespol.;cooperative learning;S006 NASA consensus;https://www.psychologicalscience.org/observer/nasa-exercise;Dodac konkretny scenariusz i wynik;moze sie przeciagac;Kandydat;14
A069;Blind drawing: plan instalacji;Jedna osoba opisuje schemat, druga rysuje bez widzenia wzoru. Zespol porownuje z oryginalem i poprawia instrukcje.;bariera widzenia -> instrukcje -> porownanie;komunikacja|information gap;precyzja|sluchanie|wspolpraca;16-30;4;20-30 min;rysunek wzoru, kartki;1;4;5;4;TAK;TAK;3;TAK;druga runda z zakazem uzycia slow kierunkowych;Macie odtworzyc schemat tylko z instrukcji.;team building;S014 SessionLab Blind Drawing;https://www.sessionlab.com/methods/blind-drawing;Uzyc schematow technicznych, nie obrazkow dzieciecych;smiech z rysunkow;Kandydat;17
A070;Blind build: konstrukcja wzorcowa;Jedna osoba buduje, reszta widzi wzor i moze tylko mowic. Wynik to podobienstwo do wzoru i czas.;bariera widzenia -> instrukcje -> konstrukcja;komunikacja|konstruowanie;precyzja|rola|wspolpraca;16-30;4-5;25-35 min;klocki, kubki lub papier;2;5;5;5;TAK;TAK;3;TAK;po 5 min zmienic budowniczego;Macie zbudowac kopie, ale budowniczy nie widzi celu.;team building;S013 Naboo Blind Build;https://www.naboo.app/en-us/blog/blind-build-challenge;Bardzo mocna rzeczywista wspolpraca;zawstydzenie osoby budujacej;STRONG CANDIDATE;20
A071;Radiooperator;Tylko jedna osoba moze patrzec na mape, druga na liste celow, trzecia zapisuje trase. Nie wolno pokazywac kartek.;role informacyjne -> komunikacja -> plan;information gap|planowanie;precyzja|wspolpraca|logika;16-30;4-5;30-40 min;karty mapy i celow;1;5;4;5;TAK;TAK;3;TAK;po 10 min nadajnik dziala tylko przez 30 sekund na runde;Macie ustalic trase, ale kazdy widzi tylko czesc danych.;information gap;S011 American English;https://americanenglish.state.gov/resources/teachers-corner-speaking-information-gap-activities;Dobre przy klasach gadatliwych, bo struktura wymusza role;frustracja;STRONG CANDIDATE;18
A072;Split blueprint;Kazdy czlonek zespolu ma fragment instrukcji budowy. Bez laczenia kartek musza stworzyc jeden model.;rozdzielone instrukcje -> integracja -> budowa;konstruowanie|information gap;wspolpraca|komunikacja|planowanie;16-30;4-5;35-45 min;karty instrukcji, papier;2;5;5;5;TAK;TAK;3;TAK;jedna instrukcja jest niepelna, trzeba uzgodnic obejscie;Macie zbudowac model, ale instrukcja jest podzielona miedzy was.;information gap;S011 Information Gap;https://americanenglish.state.gov/resources/teachers-corner-speaking-information-gap-activities;Bardzo mocne dla realnej wspolpracy;trudnosc przygotowania kart;STRONG CANDIDATE;19
A073;Kontrola jakosci;Zespoly dostaja liste wad produktu i probki opisane kartami. Musza wykryc wadliwe partie i uzasadnic decyzje.;kryteria -> kontrola -> raport;zycie zawodowe|dedukcja;dokladnosc|analiza|wspolpraca;16-30;4-5;35 min;karty produktow i wad;1;5;4;4;TAK;TAK;2;TAK;po 10 min klient zmienia prog akceptacji;Macie wybrac partie, ktore nie moga isc do klienta.;assessment;S015 Assessment case study;https://targetjobs.co.uk/careers-advice/interviews-and-assessment-centres/group-exercises-what-expect;Bardzo dobre dla branzowej szkoly;wymaga czytelnych kryteriow;STRONG CANDIDATE;18
A074;Linia montazowa z papieru;Zespoly projektuja sposob masowej produkcji identycznych mini-kopert lub pudelek, mierzy sie liczbe i jakosc.;proces -> role -> produkcja -> kontrola;planowanie|konstruowanie;organizacja|wspolpraca|optymalizacja;16-30;4-6;45 min;papier, tasma, wzor;1;5;5;5;TAK;TAK;4;TAK;po pierwszej rundzie zmienic kryterium jakosci;Macie ustawic produkcje tak, by wynik byl szybki i rowny.;assessment;S015 Build challenge;https://targetjobs.co.uk/careers-advice/interviews-and-assessment-centres/group-exercises-what-expect;Swietne dla klas zawodowych;halas, balagan;STRONG CANDIDATE;19
A075;Operatorzy awarii;Kazdy uczen w zespole ma role: dyspozytor, technik, magazyn, klient. Musza naprawic awarie w limicie zasobow.;role -> wymiana informacji -> decyzja;wspolpraca|zycie zawodowe;komunikacja|planowanie|decyzje;16-30;4-5;40 min;karty rol i zasobow;2;5;4;5;TAK;TAK;3;TAK;klient zmienia priorytet w polowie;Macie usunac awarie, ale kazdy ma inny fragment odpowiedzialnosci.;assessment;S015 Assessment leaderless task;https://targetjobs.co.uk/careers-advice/interviews-and-assessment-centres/group-exercises-what-expect;Bardzo trafne dla technikum;zbyt wiele kart moze mylic;STRONG CANDIDATE;18
A076;Sprint kanban;Zespoly dostaja 12 zadan, ograniczona liczbe osob i 15 minut na plan wykonania. Wynik to tablica z priorytetami i zaleznosciami.;zadania -> priorytety -> tablica;planowanie|zycie zawodowe;organizacja|decyzje|wspolpraca;16-30;4-5;30-35 min;karteczki lub kartki;0;4;4;4;TAK;TAK;2;TAK;po 10 min jedno zadanie staje sie pilne;Macie ulozyc prace tak, zeby zespol sie nie rozsypal.;assessment;S015 Assessment case study;https://targetjobs.co.uk/careers-advice/interviews-and-assessment-centres/group-exercises-what-expect;Pokazac jako narzedzie pracy, nie teoria;moze byc suche;Kandydat;17
A077;Planowanie pokerem;Zespoly szacuja trudnosc i czas zadan kartami 1-5, uzgadniaja rozbieznosci i tworza plan dnia.;indywidualne szacunki -> ujawnienie -> konsensus;planowanie|wspolpraca;argumentacja|organizacja|sluchanie;16-30;4-5;25-35 min;karty 1-5;1;3;3;4;TAK;TAK;2;TAK;po uzgodnieniu dzien skraca sie o godzine;Macie oszacowac robote tak, zeby plan byl wykonalny.;assessment;S015 Group exercises;https://targetjobs.co.uk/careers-advice/interviews-and-assessment-centres/group-exercises-what-expect;Dobre dla starszych i technicznych klas;moze wydawac sie biurowe;Kandydat;13
A078;Misja: naprawic szkolny automat;Zespoly dostaja skargi klientow o automacie i musza wskazac 3 najwazniejsze poprawki oraz plan testu.;dane klientow -> priorytety -> plan testu;projektowanie|zycie codzienne;analiza|decyzje|empatia;16-30;4-5;35 min;karty skarg;1;4;4;4;TAK;TAK;2;TAK;po 10 min budzet spada o polowe;Macie wybrac poprawki, ktore najwiecej zmienia dla uzytkownika.;design thinking;S002 d.school;https://dschool.stanford.edu/tools/starter-kit;Blisko codziennosci, konkretny plan;moze zejsc w narzekanie;Kandydat;17
A079;Naprawa procesu zamowien;Zespoly ukladaja przeplyw zamowienia, znajduja waskie gardlo i proponuja jedna mierzalna poprawe.;proces -> diagnoza -> poprawa;planowanie|optymalizacja;analiza procesu|logika|wspolpraca;16-30;4-5;35 min;karty krokow procesu;1;4;4;4;TAK;TAK;2;TAK;po 10 min liczba zamowien podwaja sie;Macie znalezc miejsce, gdzie system sie zacina.;assessment;S015 Case study;https://targetjobs.co.uk/careers-advice/interviews-and-assessment-centres/group-exercises-what-expect;Dobre dla klas logistycznych, uslugowych;wymaga dobrego scenariusza;Kandydat;17
A080;Najkrotsza instrukcja;Zespoly pisza instrukcje zlozenia prostego modelu, potem inny zespol testuje ja bez pomocy autora.;instrukcja -> test obcy -> poprawa;komunikacja|konstruowanie;precyzja|pisanie uzytkowe|testowanie;16-30;4-5;45 min;papier, wzor modelu;1;4;5;4;TAK;TAK;3;TAK;tester ma tylko 5 minut;Macie napisac instrukcje, ktora ktos naprawde wykona.;communication;S013 Blind Build;https://www.naboo.app/en-us/blog/blind-build-challenge;Bardzo praktyczne dla zawodow technicznych;smiech z bledow;STRONG CANDIDATE;17
A081;Puzzle produkcyjne;Zespoly dostaja pomieszane kroki procesu i musza ulozyc prawidlowa kolejnosc, wskazac ryzyka oraz punkty kontroli.;karty procesu -> sekwencja -> kontrola;planowanie|zycie zawodowe;logika|organizacja|wspolpraca;16-30;4-5;30 min;karty krokow;1;4;4;3;TAK;TAK;2;TAK;po ulozeniu dodac awarie jednego kroku;Macie ulozyc proces tak, by produkt wyszedl poprawnie.;assessment;S015 Assessment;https://targetjobs.co.uk/careers-advice/interviews-and-assessment-centres/group-exercises-what-expect;Mozna dopasowac do zawodu klasy;jedna osoba moze ulozyc sama;Kandydat;15
A082;Cichy ranking;Zespoly musza ulozyc ranking 10 rzeczy bez mowienia przez pierwsze 5 minut, uzywajac tylko kartek i gestow.;ograniczenie komunikacji -> ranking -> obrona;komunikacja|decyzje;wspolpraca|priorytety|adaptacja;16-30;4-5;25-35 min;karty rzeczy;0;4;3;4;TAK;TAK;2;TAK;po ciszy trzeba uzasadnic tylko jedna decyzje;Macie dogadac ranking bez gadania, a potem go obronic.;team building;S018 CASEL;https://schoolguide.casel.org/focus-area-3/classroom/integration-of-sel-and-instruction/;Nie robic jako zabawy, tylko symulacje awarii lacznosci;moze byc smieszne;Kandydat;14
A083;Konstrukcja bez lidera;Zespoly buduja zadany model, ale co 3 minuty zmienia sie osoba, ktora moze dotykac materialow.;rotacja rol -> budowa -> test;wspolpraca|konstruowanie;rola|komunikacja|adaptacja;16-30;4-5;35 min;papier, tasma;2;5;5;5;TAK;TAK;4;TAK;ostatnia runda bez mowienia;Macie zbudowac cos razem, bo jedna osoba nie zdazy zrobic wszystkiego.;cooperative;S017 Cooperative learning;https://www.prometheanworld.com/resource-center/blogs/cooperative-learning-strategies-in-the-classroom-a-practical-guide/;Wymusza udzial wszystkich;chaos przy zmianach;STRONG CANDIDATE;18
A084;Jigsaw ekspertow;Kazdy uczen uczy sie fragmentu instrukcji, potem eksperci wracaja do zespolow i razem rozwiazuja zadanie.;eksperci -> powrot -> wspolny wynik;cooperative learning|information gap;odpowiedzialnosc|komunikacja|wspolpraca;16-30;4-5;40-45 min;karty ekspertow;1;3;4;5;TAK;TAK;3;TAK;po powrocie jeden ekspert nie moze pokazac karty;Macie zlozyc rozwiazanie z wiedzy, ktora jest rozdzielona.;cooperative learning;S017 Promethean;https://www.prometheanworld.com/resource-center/blogs/cooperative-learning-strategies-in-the-classroom-a-practical-guide/;Dobre, gdy material jest bardzo konkretny;ryzyko, ze ekspert nie zrozumie;Kandydat;15
A085;Numbered heads rescue;Zespol rozwiazuje misje, ale nauczyciel losuje numer osoby, ktora odpowiada za prezentacje wybranego elementu.;wspolna praca -> losowa odpowiedzialnosc -> wynik;cooperative learning|wspolpraca;odpowiedzialnosc|komunikacja|wspolpraca;16-30;4;25-35 min;numery, karta zadania;0;3;3;4;TAK;TAK;2;TAK;losowana osoba musi wyjasnic zwrot akcji;Macie ogarnac zadanie tak, zeby kazdy umial je obronic.;cooperative learning;S017 Promethean;https://www.prometheanworld.com/resource-center/blogs/cooperative-learning-strategies-in-the-classroom-a-practical-guide/;Dodac konkretna misje, nie tylko pytania;stres u wylosowanych;Kandydat;14
A086;Graffiti rozwiazan;Zespoly przechodza po stacjach z problemami i dopisuja rozwiazania, potem wybieraja najlepsze i tworza finalny plan.;rotacja stacji -> selekcja -> plan;wspolpraca|kreatywnosc;generowanie pomyslow|ocena|planowanie;16-30;4-5;35-45 min;arkusze na stolach;1;4;3;3;TAK;TAK;3;TAK;po rotacji zmienic kryterium wyboru;Macie zebrac najlepsze rozwiazania i zrobic z nich jeden plan.;cooperative learning;S017 Promethean;https://www.prometheanworld.com/resource-center/blogs/cooperative-learning-strategies-in-the-classroom-a-practical-guide/;Uzyc konkretnych problemow, np. organizacja wydarzenia;moze byc za warsztatowe;Kandydat;13
A087;Speed dating problemow technicznych;Pary wymieniaja sie mini-problemami projektowymi, po kilku rundach zespol wybiera najlepsze rozwiazanie i je dopracowuje.;rotacja par -> pomysly -> wybor;problem solving|komunikacja;kreatywnosc|sluchanie|argumentacja;16-30;2 potem 4;35-45 min;karty problemow;1;4;3;3;TAK;WARUNKOWO;3;TAK;po 3 rundach jedno rozwiazanie musi byc bezkosztowe;Macie zebrac pomysly od wielu osob i wybrac najlepszy.;edukacja;S019 Edutopia Speed Dating;https://www.edutopia.org/video/building-problem-solving-skills-high-school-speed-dating/;Uzyc problemow fikcyjnych, nie osobistych;ruch i halas;Kandydat;12
A088;Debata ofert z karta wyniku;Zespoly przygotowuja oferte rozwiazania problemu, a klasa glosuje wedlug jawnych kryteriow: koszt, skutecznosc, ryzyko.;projekt -> prezentacja -> ocena kryteriami;argumentacja|projektowanie;perswazja|analiza|komunikacja;16-30;4-5;40-45 min;karta kryteriow;1;4;3;4;TAK;TAK;3;TAK;po przygotowaniu zmienic wage jednego kryterium;Macie przekonac innych, ze wasze rozwiazanie ma najlepszy bilans.;metody aktywizujace;S023 CEO KOSS;https://koss.ceo.org.pl/dla-nauczycieli/uczyc-inaczej/artykuly/o-metodach-aktywizujacych-raz-jeszcze;Wymagac kryteriow, nie konkursu popularnosci;zawstydzenie przy prezentacji;Kandydat;14
A089;Turniej mini-case'ow;Zespoly dostaja 5 krotkich sytuacji decyzyjnych i musza w kazdej wskazac najlepsze dzialanie w 3 minuty.;case -> szybka decyzja -> punkty;decyzje|gry;szybkie myslenie|argumentacja|wspolpraca;16-30;4-5;30-40 min;karty sytuacji;1;5;3;4;TAK;TAK;3;TAK;ostatnia runda podwojnie punktowana z nowym ograniczeniem;Macie podejmowac decyzje szybko i z sensem.;assessment;S015 Assessment case study;https://targetjobs.co.uk/careers-advice/interviews-and-assessment-centres/group-exercises-what-expect;Dobre na zastepstwo, latwe do prowadzenia;powierzchownosc decyzji;Kandydat;15
A090;Najtansza solidna konstrukcja;Zespoly kupuja materialy z cennika, buduja konstrukcje i sa punktowane za udzwig minus koszt.;cennik -> zakupy -> konstrukcja -> wynik;konstruowanie|pieniadze;optymalizacja|liczenie|wspolpraca;16-30;4-5;45 min;papier, tasma, cennik;2;5;5;4;TAK;TAK;3;TAK;po zakupach tasma drozeje dla dokupujacych;Macie zbudowac mocno, ale nie przepalic budzetu.;STEM;S005 TeachEngineering;https://www.teachengineering.org/activities/view/ced-2670-newspaper-towers-engineering-design-activity;Bardzo mocne przez koszt i test;spory o zakupy;STRONG CANDIDATE;19
A091;Przetarg na projekt;Zespoly przygotowuja projekt i kosztorys. Nauczyciel jako klient wybiera oferte wedlug kryteriow ujawnionych po czesci.;brief -> oferta -> kryteria -> wybor;przedsiebiorczosc|negocjacje;kosztorys|argumentacja|planowanie;16-30;4-5;45 min;karta briefu;1;5;4;4;TAK;TAK;3;TAK;klient ujawnia, ze najwazniejszy jest czas, nie cena;Macie wygrac przetarg, robiac oferte z sensem.;assessment;S015 Assessment case study;https://targetjobs.co.uk/careers-advice/interviews-and-assessment-centres/group-exercises-what-expect;Dobre dla technikum ekonomicznego, budowlanego, uslugowego;subiektywnosc oceny;STRONG CANDIDATE;17
A092;Mapa interesariuszy;Zespoly planuja mala zmiane w szkole i musza znalezc, kogo dotknie, kto pomoze, kto zablokuje i jak go przekonac.;problem -> mapa ludzi -> plan;problemy spoleczne|planowanie;analiza|argumentacja|empatia;16-30;4-5;35 min;kartka, marker;0;3;3;3;TAK;TAK;2;TAK;po 10 min dochodzi nowy interesariusz z innym interesem;Macie przewidziec, kto moze rozwalic plan i co z tym zrobic.;design thinking;S002 d.school;https://dschool.stanford.edu/tools/starter-kit;Dobierac lekkie tematy, np. strefa odpoczynku;moze zejsc w narzekanie;Kandydat;13
A093;Szkola jako escape map;Zespoly projektuja mini-escape room dla innej grupy: 3 zagadki, kod finalny, lista materialow. Potem inny zespol testuje jedna zagadke.;projekt zagadek -> test -> poprawa;escape room|projektowanie;kreatywnosc|logika|testowanie;16-30;4-5;45 min;kartki;0;5;4;4;TAK;TAK;3;TAK;tester znajduje luke, trzeba poprawic;Macie zaprojektowac zagadke, ktora inni faktycznie rozwiaza.;escape room;S007 Inspired Teaching;https://inspiredteaching.org/escape-rooms/;Uczniowie tworza dla rowiesnikow, mocny hook;mozliwe zbyt trudne zagadki;STRONG CANDIDATE;17
A094;Projekt plakatu ostrzegawczego;Zespoly tworza konkretny plakat ostrzegajacy przed oszustwem lub ryzykiem, potem oceniaja go testem 5 sekund.;produkt -> test percepcji -> poprawa;informacja|projektowanie;komunikacja wizualna|krytyczne myslenie|wspolpraca;16-30;4-5;40 min;kartki, pisaki;1;4;4;4;TAK;TAK;2;TAK;po tescie 5 sekund trzeba usunac polowe tekstu;Macie zrobic plakat, ktory da sie zrozumiec w 5 sekund.;informacja;S009 CFPB identity protection;https://www.consumerfinance.gov/consumer-tools/educator-tools/youth-financial-education/teach/activities/;Dobre, gdy klasa lubi praktyczne tworzenie;ocena estetyczna;Kandydat;17
A095;Wiadomosc kryzysowa 160 znakow;Zespoly musza napisac krotki komunikat do klientow po awarii, jasny i bez paniki. Potem porownuja skutecznosc.;problem -> komunikat -> test zrozumienia;komunikacja|zycie zawodowe;precyzja|empatia|decyzje;16-30;4-5;25-35 min;karta awarii;0;4;3;3;TAK;TAK;2;TAK;po 8 min dochodzi nowa informacja zmieniajaca komunikat;Macie napisac komunikat, ktory ratuje sytuacje, a nie robi chaos.;assessment;S015 Assessment case study;https://targetjobs.co.uk/careers-advice/interviews-and-assessment-centres/group-exercises-what-expect;Praktyczne dla kazdego zawodu;moze byc za pisemne;Kandydat;14
A096;Kryzys w social media;Zespoly jako firma dostaja trzy komentarze i fakt awarii. Musza ulozyc odpowiedz, decyzje i kolejnosc dzialan.;incydent -> priorytety -> odpowiedz;komunikacja|informacja;ocena ryzyka|pisanie|wspolpraca;16-30;4-5;35 min;karty komentarzy;1;5;4;4;TAK;TAK;3;TAK;po 10 min pojawia sie viralowy screenshot;Macie opanowac kryzys, zanim stracicie klientow.;assessment;S015 Assessment case study;https://targetjobs.co.uk/careers-advice/interviews-and-assessment-centres/group-exercises-what-expect;Silny dla nastolatkow, bo znaja media;ryzyko hejtu, trzymac fikcje;STRONG CANDIDATE;17
A097;Turniej decyzji klienta;Zespoly dostaja profil klienta i 5 ofert, ale kazda ma ukryty koszt. Musza znalezc najlepsza po doprecyzowaniu pytan.;oferty -> pytania -> decyzja;zycie codzienne|pieniadze;ocena informacji|pytania|decyzje;16-30;4-5;35 min;karty ofert;1;5;4;4;TAK;TAK;2;TAK;po 10 min jedna oferta ujawnia koszt serwisu;Macie wybrac oferte, ktora nie ma haczyka.;finanse;S009 CFPB buying plan;https://www.consumerfinance.gov/consumer-tools/educator-tools/youth-financial-education/teach/activities/;Bliskie realnym zakupom;trzeba pilnowac neutralnosci marek;STRONG CANDIDATE;18
A098;Ranking narzedzi do misji;Zespoly wybieraja narzedzia z ograniczonej listy dla konkretnego zadania zawodowego i uzasadniaja priorytety.;ranking -> negocjacje -> uzasadnienie;decyzje|zycie zawodowe;argumentacja|planowanie|wspolpraca;16-30;4-5;30-35 min;lista narzedzi;0;4;4;4;TAK;TAK;2;TAK;po wyborze okazuje sie, ze jedno narzedzie jest niedostepne;Macie dobrac zestaw, ktory pozwoli wykonac robote.;survival/assessment;S006 NASA consensus;https://www.psychologicalscience.org/observer/nasa-exercise;Dostosowac narzedzia do profilu klasy;moze wymagac znajomosci zawodu;Kandydat;17
A099;Napraw projekt po tescie;Zespoly dostaja gotowy slaby projekt i wyniki testu. Musza wskazac 3 poprawki i przewidziec nowy wynik.;test -> diagnoza -> poprawki;projektowanie|optymalizacja;analiza|wnioskowanie|decyzje;16-30;4-5;35 min;karta projektu i wynikow;1;4;4;3;TAK;TAK;2;TAK;po 10 min budzet poprawek spada do 2 punktow;Macie poprawic cos, co nie dziala, na podstawie danych.;design thinking;S002 Stanford d.school;https://dschool.stanford.edu/tools/starter-kit;Dobre bez budowania fizycznego;jedna osoba moze przejac;Kandydat;15
A100;Final boss: misja 5000 zl;Zespoly maja 5000 zl, liste zasobow i cel: uruchomic jednodniowe wydarzenie lub mikro-usluge. Musza kupic zasoby, ulozyc plan, zareagowac na zwrot akcji i przedstawic wynik.;budzet -> zakupy -> plan -> kryzys -> pitch;pieniadze|planowanie|negocjacje;strategia|wspolpraca|adaptacja|argumentacja;16-30;4-5;45 min;karty zasobow, budzet;2;5;4;5;TAK;TAK;3;TAK;budzet spada do 3000 zl albo dochodzi dodatkowy klient;Macie zrobic misje za kase, ktora nagle przestaje sie zgadzac.;hybryda;S009 CFPB + S015 Assessment;https://www.consumerfinance.gov/consumer-tools/educator-tools/youth-financial-education/teach/activities/;Bardzo zgodne z briefem, dobra aktywnosc pokazowa;wymaga dobrze przygotowanych kart;STRONG CANDIDATE;18
